-- --------------------------------------------------------
-- Host:                         127.0.0.1
-- Versión del servidor:         10.5.10-MariaDB - mariadb.org binary distribution
-- SO del servidor:              Win64
-- HeidiSQL Versión:             11.2.0.6213
-- --------------------------------------------------------

/*!40101 SET @OLD_CHARACTER_SET_CLIENT=@@CHARACTER_SET_CLIENT */;
/*!40101 SET NAMES utf8 */;
/*!50503 SET NAMES utf8mb4 */;
/*!40014 SET @OLD_FOREIGN_KEY_CHECKS=@@FOREIGN_KEY_CHECKS, FOREIGN_KEY_CHECKS=0 */;
/*!40101 SET @OLD_SQL_MODE=@@SQL_MODE, SQL_MODE='NO_AUTO_VALUE_ON_ZERO' */;
/*!40111 SET @OLD_SQL_NOTES=@@SQL_NOTES, SQL_NOTES=0 */;


-- Volcando estructura de base de datos para futfem
CREATE DATABASE IF NOT EXISTS `futfem` /*!40100 DEFAULT CHARACTER SET latin1 */;
USE `futfem`;

-- Volcando estructura para tabla futfem.competitions
CREATE TABLE IF NOT EXISTS `competitions` (
  `id` int(11) NOT NULL AUTO_INCREMENT,
  `name` varchar(50) NOT NULL,
  `association` varchar(50) DEFAULT NULL,
  `country` varchar(3) DEFAULT NULL,
  `urlpic` varchar(50) DEFAULT NULL,
  `established` date DEFAULT NULL,
  KEY `id` (`id`)
) ENGINE=InnoDB AUTO_INCREMENT=9 DEFAULT CHARSET=latin1;

-- Volcando datos para la tabla futfem.competitions: ~8 rows (aproximadamente)
/*!40000 ALTER TABLE `competitions` DISABLE KEYS */;
INSERT INTO `competitions` (`id`, `name`, `association`, `country`, `urlpic`, `established`) VALUES
	(1, 'FA WOMEN SUPER LEAGUE', 'FOOTBALL ASSOCIATION', 'GB', 'fa', '2010-03-22'),
	(2, 'LIGA IBERDROLA', 'REAL FEDERACIÓN ESPAÑOLA DE FUTBOL', 'ES', 'ligaiberdrola', '2011-01-01'),
	(3, 'ALLIANZ FRAUEN-BUNDESLIGA', 'DEUTSCHER FUSSBALL-BUND', 'DE', 'bundesliga', '1990-01-01'),
	(4, 'NATIONAL WOMEN SOCCER LEAGUE', 'UNITED STATES SOCCER FEDERATION', 'US', 'nwsl', '2012-11-21'),
	(5, 'SERIE A FEMMINILE', 'FEDERAZIONE ITALIANA CALCIO FEMMINILE', 'IT', 'seriea', '1968-01-01'),
	(6, 'DIVISION 1 FÉMININE', 'FÉDÉRATION FRANÇAISE DE FOOTBALL', 'FR', 'division1', '1974-01-01'),
	(7, 'VROUWEN EREDIVISIE', 'KONINKLIJKE NEDERLANDSE VOETBALBOND', 'NL', 'eredivisie', '2007-01-01'),
	(8, 'DAMALLSVENSKAN', 'SVENSKA FOTBOLLFÖRBUNDET', 'SE', 'damallsvenskan', '1988-01-01');
/*!40000 ALTER TABLE `competitions` ENABLE KEYS */;

-- Volcando estructura para tabla futfem.competitions_temp
CREATE TABLE IF NOT EXISTS `competitions_temp` (
  `id` int(11) NOT NULL AUTO_INCREMENT,
  `name` varchar(50) NOT NULL,
  `association` varchar(50) DEFAULT NULL,
  `country` varchar(3) DEFAULT NULL,
  `urlpic` varchar(50) DEFAULT NULL,
  `established` date DEFAULT NULL,
  KEY `id` (`id`) USING BTREE
) ENGINE=InnoDB AUTO_INCREMENT=12 DEFAULT CHARSET=latin1 ROW_FORMAT=DYNAMIC;

-- Volcando datos para la tabla futfem.competitions_temp: ~11 rows (aproximadamente)
/*!40000 ALTER TABLE `competitions_temp` DISABLE KEYS */;
INSERT INTO `competitions_temp` (`id`, `name`, `association`, `country`, `urlpic`, `established`) VALUES
	(1, 'FA WOMEN SUPER LEAGUE', 'FOOTBALL ASSOCIATION', 'GB', 'fa', '2010-03-22'),
	(2, 'LIGA F', 'REAL FEDERACIÓN ESPAÑOLA DE FUTBOL', 'ES', 'ligaf', '2022-09-01'),
	(3, 'ALLIANZ FRAUEN-BUNDESLIGA', 'DEUTSCHER FUSSBALL-BUND', 'DE', 'bundesliga', '1990-01-01'),
	(4, 'NATIONAL WOMEN SOCCER LEAGUE', 'UNITED STATES SOCCER FEDERATION', 'US', 'nwsl', '2012-11-21'),
	(5, 'SERIE A FEMMINILE', 'FEDERAZIONE ITALIANA CALCIO FEMMINILE', 'IT', 'seriea', '1968-01-01'),
	(6, 'DIVISION 1 FÉMININE', 'FÉDÉRATION FRANÇAISE DE FOOTBALL', 'FR', 'division1', '1974-01-01'),
	(7, 'VROUWEN EREDIVISIE', 'KONINKLIJKE NEDERLANDSE VOETBALBOND', 'NL', 'eredivisie', '2007-01-01'),
	(8, 'DAMALLSVENSKAN', 'SVENSKA FOTBOLLFÖRBUNDET', 'SE', 'damallsvenskan', '1988-01-01'),
	(9, 'LIGA MX FEMENIL', 'FEMEXFUT', 'MX', 'mx', '2016-12-05'),
	(10, 'WE LEAGUE', 'NIPPON SAKKA KYOKAI', 'JP', 'we', '2020-06-03'),
	(11, 'LIGA IBERDROLA', 'REAL FEDERACIÓN ESPAÑOLA DE FÚTBOL', 'ES', 'ligaiberdrola', '1988-09-01');
/*!40000 ALTER TABLE `competitions_temp` ENABLE KEYS */;

-- Volcando estructura para tabla futfem.idioma
CREATE TABLE IF NOT EXISTS `idioma` (
  `id` varchar(8) NOT NULL,
  `descripcion` varchar(30) NOT NULL
) ENGINE=InnoDB DEFAULT CHARSET=latin1;

-- Volcando datos para la tabla futfem.idioma: ~2 rows (aproximadamente)
/*!40000 ALTER TABLE `idioma` DISABLE KEYS */;
INSERT INTO `idioma` (`id`, `descripcion`) VALUES
	('es_ES', 'ESPAÑOL'),
	('en_ENG', 'ENGLISH');
/*!40000 ALTER TABLE `idioma` ENABLE KEYS */;

-- Volcando estructura para tabla futfem.matchday_players_local
CREATE TABLE IF NOT EXISTS `matchday_players_local` (
  `id` int(11) NOT NULL,
  `id_player` bigint(20) NOT NULL DEFAULT 0,
  `id_team` int(9) NOT NULL DEFAULT 0,
  `season` varchar(4) NOT NULL DEFAULT '',
  `dorsal` varchar(3) DEFAULT NULL,
  `name` varchar(50) NOT NULL,
  `surname` varchar(50) NOT NULL,
  `nickname` varchar(50) DEFAULT NULL,
  `position` varchar(5) DEFAULT NULL,
  `positionmatch` varchar(5) DEFAULT NULL,
  `country` varchar(3) DEFAULT NULL,
  `velocidad` int(2) DEFAULT NULL,
  `resistencia` int(2) DEFAULT NULL,
  `defaerea` int(2) DEFAULT NULL,
  `defestrategia` int(2) DEFAULT NULL,
  `defagresividad` int(2) DEFAULT NULL,
  `defanticipacion` int(2) DEFAULT NULL,
  `visionjuego` int(2) DEFAULT NULL,
  `ataqueaereo` int(2) DEFAULT NULL,
  `ataquepases` int(2) DEFAULT NULL,
  `ataqueremate` int(2) DEFAULT NULL,
  `ataqueregate` int(2) DEFAULT NULL,
  `ataquefaltas` int(2) DEFAULT NULL,
  `ataquepenaltys` int(2) DEFAULT NULL,
  `portero` int(2) DEFAULT NULL,
  `goles` int(2) DEFAULT NULL,
  `amarillas` int(1) DEFAULT NULL,
  `rojas` int(1) DEFAULT NULL,
  `paradas` int(1) DEFAULT NULL,
  `faltas` int(1) DEFAULT NULL,
  KEY `indice1` (`id`) USING BTREE
) ENGINE=InnoDB DEFAULT CHARSET=latin1;

-- Volcando datos para la tabla futfem.matchday_players_local: ~0 rows (aproximadamente)
/*!40000 ALTER TABLE `matchday_players_local` DISABLE KEYS */;
/*!40000 ALTER TABLE `matchday_players_local` ENABLE KEYS */;

-- Volcando estructura para tabla futfem.matchday_players_visitante
CREATE TABLE IF NOT EXISTS `matchday_players_visitante` (
  `season` varchar(4) NOT NULL DEFAULT '',
  `id_player` bigint(20) NOT NULL DEFAULT 0,
  `id` int(11) NOT NULL DEFAULT 0,
  `id_team` int(9) NOT NULL DEFAULT 0,
  `dorsal` varchar(3) DEFAULT NULL,
  `name` varchar(50) NOT NULL,
  `surname` varchar(50) NOT NULL,
  `nickname` varchar(50) DEFAULT NULL,
  `position` varchar(5) DEFAULT NULL,
  `positionmatch` varchar(5) DEFAULT NULL,
  `country` varchar(3) DEFAULT NULL,
  `velocidad` int(2) DEFAULT NULL,
  `resistencia` int(2) DEFAULT NULL,
  `defaerea` int(2) DEFAULT NULL,
  `defestrategia` int(2) DEFAULT NULL,
  `defagresividad` int(2) DEFAULT NULL,
  `defanticipacion` int(2) DEFAULT NULL,
  `visionjuego` int(2) DEFAULT NULL,
  `ataqueaereo` int(2) DEFAULT NULL,
  `ataquepases` int(2) DEFAULT NULL,
  `ataqueremate` int(2) DEFAULT NULL,
  `ataqueregate` int(2) DEFAULT NULL,
  `ataquefaltas` int(2) DEFAULT NULL,
  `ataquepenaltys` int(2) DEFAULT NULL,
  `portero` int(2) DEFAULT NULL,
  `goles` int(2) DEFAULT NULL,
  `amarillas` int(1) DEFAULT NULL,
  `rojas` int(1) DEFAULT NULL,
  `paradas` int(1) DEFAULT NULL,
  `faltas` int(1) DEFAULT NULL,
  `position_match` varchar(255) DEFAULT NULL,
  KEY `indice1` (`id`) USING BTREE
) ENGINE=InnoDB DEFAULT CHARSET=latin1;

-- Volcando datos para la tabla futfem.matchday_players_visitante: ~0 rows (aproximadamente)
/*!40000 ALTER TABLE `matchday_players_visitante` DISABLE KEYS */;
/*!40000 ALTER TABLE `matchday_players_visitante` ENABLE KEYS */;

-- Volcando estructura para tabla futfem.matchday_team_local
CREATE TABLE IF NOT EXISTS `matchday_team_local` (
  `id` int(9) NOT NULL,
  `name` varchar(50) NOT NULL DEFAULT '',
  `country` varchar(5) NOT NULL DEFAULT '',
  `established` date DEFAULT NULL,
  `nickname` varchar(50) DEFAULT NULL,
  `urlpic` varchar(50) DEFAULT NULL,
  `urlshirt` varchar(50) DEFAULT NULL,
  `moral` int(2) DEFAULT NULL,
  `agresividad` int(2) DEFAULT NULL,
  `ataque` int(2) DEFAULT NULL,
  `posesion` int(2) DEFAULT NULL,
  `defensa` int(2) NOT NULL,
  `goles` int(2) NOT NULL,
  KEY `indice1` (`id`) USING BTREE
) ENGINE=InnoDB DEFAULT CHARSET=latin1;

-- Volcando datos para la tabla futfem.matchday_team_local: ~0 rows (aproximadamente)
/*!40000 ALTER TABLE `matchday_team_local` DISABLE KEYS */;
/*!40000 ALTER TABLE `matchday_team_local` ENABLE KEYS */;

-- Volcando estructura para tabla futfem.matchday_team_visitante
CREATE TABLE IF NOT EXISTS `matchday_team_visitante` (
  `id` int(9) NOT NULL,
  `name` varchar(50) NOT NULL DEFAULT '',
  `country` varchar(5) NOT NULL DEFAULT '',
  `established` date DEFAULT NULL,
  `nickname` varchar(50) DEFAULT NULL,
  `urlpic` varchar(50) DEFAULT NULL,
  `urlshirt` varchar(50) DEFAULT NULL,
  `moral` int(2) DEFAULT NULL,
  `agresividad` int(2) DEFAULT NULL,
  `ataque` int(2) DEFAULT NULL,
  `posesion` int(2) DEFAULT NULL,
  `defensa` int(2) DEFAULT NULL,
  `goles` int(2) NOT NULL,
  KEY `indice1` (`id`) USING BTREE
) ENGINE=InnoDB DEFAULT CHARSET=latin1;

-- Volcando datos para la tabla futfem.matchday_team_visitante: ~0 rows (aproximadamente)
/*!40000 ALTER TABLE `matchday_team_visitante` DISABLE KEYS */;
/*!40000 ALTER TABLE `matchday_team_visitante` ENABLE KEYS */;

-- Volcando estructura para tabla futfem.players
CREATE TABLE IF NOT EXISTS `players` (
  `id` bigint(20) unsigned NOT NULL AUTO_INCREMENT,
  `name` varchar(50) NOT NULL,
  `surname` varchar(50) NOT NULL,
  `nickname` varchar(50) DEFAULT NULL,
  `birthdate` date DEFAULT NULL,
  `position` varchar(20) DEFAULT NULL,
  `country` varchar(50) DEFAULT NULL,
  `urlpic` varchar(200) DEFAULT NULL,
  `velocidad` int(2) DEFAULT NULL,
  `resistencia` int(2) DEFAULT NULL,
  `defaerea` int(2) DEFAULT NULL,
  `defestrategia` int(2) DEFAULT NULL,
  `defagresividad` int(2) DEFAULT NULL,
  `defanticipacion` int(2) DEFAULT NULL,
  `visionjuego` int(2) DEFAULT NULL,
  `ataqueaereo` int(2) DEFAULT NULL,
  `ataquepases` int(2) DEFAULT NULL,
  `ataqueremate` int(2) DEFAULT NULL,
  `ataqueregate` int(2) DEFAULT NULL,
  `ataquefaltas` int(2) DEFAULT NULL,
  `ataquepenaltys` int(2) DEFAULT NULL,
  `portero` int(2) DEFAULT NULL,
  KEY `Índice 1` (`id`) USING BTREE
) ENGINE=InnoDB AUTO_INCREMENT=399 DEFAULT CHARSET=latin1;

-- Volcando datos para la tabla futfem.players: ~329 rows (aproximadamente)
/*!40000 ALTER TABLE `players` DISABLE KEYS */;
INSERT INTO `players` (`id`, `name`, `surname`, `nickname`, `birthdate`, `position`, `country`, `urlpic`, `velocidad`, `resistencia`, `defaerea`, `defestrategia`, `defagresividad`, `defanticipacion`, `visionjuego`, `ataqueaereo`, `ataquepases`, `ataqueremate`, `ataqueregate`, `ataquefaltas`, `ataquepenaltys`, `portero`) VALUES
	(1, 'ANDREA', 'SÁNCHEZ FALCÓN', 'FALCÓN', '1997-02-20', 'LD', 'ES', NULL, 85, 85, 60, 75, 75, 80, 80, 60, 85, 80, 80, 60, 70, 50),
	(2, 'LIEKE ELISABETH PETRONELLA', 'MARTENS', 'MARTENS', '1992-12-16', 'LW', 'NL', NULL, 85, 80, 50, 60, 70, 80, 87, 87, 83, 88, 85, 70, 85, 50),
	(3, 'AITANA', 'BONMATÍ I CONCA', 'AITANA', '1998-01-18', 'RMC', 'ES', NULL, 80, 85, 60, 75, 70, 80, 90, 75, 90, 85, 80, 75, 90, 25),
	(5, 'SAMANTHA MAY', 'KERR', 'KERR', '1993-09-10', 'FW', 'AU', NULL, 60, 60, 60, 60, 60, 60, 60, 60, 60, 60, 60, 60, 60, 50),
	(6, 'ALEXIA', 'PUTELLAS SEGURA', 'ALEXIA', '1994-02-04', 'LMC', 'ES', NULL, 60, 60, 60, 60, 60, 60, 60, 60, 60, 60, 60, 60, 60, 50),
	(7, 'PATRICIA', 'GUIJARRO GUTIERREZ', 'PATRI', '1998-05-17', 'MCD', 'ES', NULL, 60, 60, 60, 60, 60, 60, 60, 60, 60, 60, 60, 60, 60, 50),
	(8, 'INGRID SYRSTAD', 'ENGEN', 'ENGEN', '1998-04-29', 'MC', 'NO', NULL, 60, 60, 60, 60, 60, 60, 60, 60, 60, 60, 60, 60, 60, 50),
	(9, 'DANIELLE', 'VAN DE DONK', 'VAN DE DONK', '1991-08-05', 'MC', 'NL', NULL, 60, 60, 60, 60, 60, 60, 60, 60, 60, 60, 60, 60, 60, 50),
	(10, 'TOBIN', 'HEATH', 'HEATH', '1988-05-29', 'RW', 'US', NULL, 60, 60, 60, 60, 60, 60, 60, 60, 60, 60, 60, 60, 60, 50),
	(12, 'MARIA VICTORIA', 'LOSADA GOMEZ', 'LOSADA', '1991-03-05', 'MC', 'ES', NULL, 60, 60, 60, 60, 60, 60, 60, 60, 60, 60, 60, 60, 60, 50),
	(13, 'PERNILLE', 'HARDER', 'HARDER', '1992-11-15', 'FW', 'DK', NULL, 60, 60, 60, 60, 60, 60, 60, 60, 60, 60, 60, 60, 60, 50),
	(14, 'FRANCESCA', 'KIRBY', 'KIRBY', '1993-06-29', 'FW', 'GB', NULL, 60, 60, 60, 60, 60, 60, 60, 60, 60, 60, 60, 60, 60, 50),
	(15, 'SARI', 'VAN VEENENDAAL ', 'VAN VEENENDAAL', '1990-04-03', 'GK', 'NL', NULL, 60, 60, 60, 60, 60, 60, 60, 60, 60, 60, 60, 60, 60, 50),
	(16, 'LAUREN MAY', 'HEMP ', 'HEMP', '2000-08-07', 'FW', 'GB', NULL, 60, 60, 60, 60, 60, 60, 60, 60, 60, 60, 60, 60, 60, 60),
	(17, 'LAIA', 'ALEXANDRI LOPEZ ', 'ALEXANDRI', '2000-08-25', 'LD', 'ES', NULL, 60, 60, 60, 60, 60, 60, 60, 60, 60, 60, 60, 60, 60, 50),
	(18, 'JANA', 'FERNANDEZ VELASCO ', 'JANA', '2002-02-18', 'RCD', 'ES', NULL, 60, 60, 60, 60, 60, 60, 60, 60, 60, 60, 60, 60, 60, 50),
	(19, 'ROSEMARY KATHLEEN', 'LAVELLE ', 'LAVELLE', '1995-05-14', 'MC', 'US', NULL, 60, 60, 60, 60, 60, 60, 60, 60, 60, 60, 60, 60, 60, 50),
	(20, 'CLAUDIA CRISTHIANE', 'ENDLER MARTINELLI ', 'ENDLER', '1991-07-23', 'GK', 'CL', NULL, 80, 80, 85, 80, 75, 85, 80, 60, 70, 60, 60, 60, 70, 90),
	(22, 'KATTY', 'MARTINEZ ABAD ', 'MARTINEZ', '1998-03-14', 'FW', 'MX', NULL, 60, 60, 60, 60, 60, 60, 60, 60, 60, 60, 60, 60, 60, 50),
	(23, 'KELLEY', ' OHARA', 'OHARA', '1988-08-04', 'RD', 'US', NULL, 60, 60, 60, 60, 60, 60, 60, 60, 60, 60, 60, 60, 60, 50),
	(24, 'AMANDINE', ' HENRY', 'HENRY', '1989-09-28', 'MC', 'FR', NULL, 60, 60, 60, 60, 60, 60, 60, 60, 60, 60, 60, 60, 60, 50),
	(25, 'MARIA PILAR', ' LEON CEBRIAN', 'MARIA LEON', '1995-06-13', 'LCD', 'ES', NULL, 60, 60, 60, 60, 60, 60, 60, 60, 60, 60, 60, 60, 60, 50),
	(26, 'SAKI', 'KUMAGAI', 'KUMAGAI', '1990-10-17', 'MCD', 'JP', NULL, 60, 60, 60, 60, 60, 60, 60, 60, 60, 60, 60, 60, 60, 50),
	(27, 'MAGDALENA LILLY', 'ERIKSSON', 'ERIKSSON', '1993-09-08', 'RCD', 'SE', NULL, 60, 60, 60, 60, 60, 60, 60, 60, 60, 60, 60, 60, 60, 50),
	(28, 'ALYSSA', 'NAEHER', 'NAEHER', '1988-04-20', 'GK', 'US', NULL, 60, 60, 60, 60, 60, 60, 60, 60, 60, 60, 60, 60, 60, 50),
	(29, 'KHEIRA', 'HAMRAOUI', 'HAMRAOUI', '1990-01-13', 'MC', 'FR', NULL, 60, 60, 60, 60, 60, 60, 60, 60, 60, 60, 60, 60, 60, 50),
	(30, 'IRENE', 'PAREDES HERNÁNDEZ', 'PAREDES', '1991-07-04', 'RCD', 'ES', NULL, 60, 60, 60, 60, 60, 60, 60, 60, 60, 60, 60, 60, 60, 50),
	(31, 'NIKKITA JOSEPHINE', 'PARRIS', 'PARRIS', '1994-03-10', 'FW', 'GB', NULL, 60, 60, 60, 60, 60, 60, 60, 60, 60, 60, 60, 60, 60, 50),
	(11, 'KADIDIATOU', 'DIANI', 'DIANI', '1995-04-01', 'FW', 'FR', NULL, 60, 60, 60, 60, 60, 60, 60, 60, 60, 60, 60, 60, 60, 50),
	(60, 'SHERIDA', 'SPITSE', 'SPITSE', '1990-05-29', 'MC', 'NL', NULL, 60, 60, 60, 60, 60, 60, 60, 60, 60, 60, 60, 60, 60, 50),
	(61, 'MANA', 'IWABUCHI', 'IWABUCHI', '1993-03-18', 'FW', 'JP', NULL, 60, 60, 60, 60, 60, 60, 60, 60, 60, 60, 60, 60, 60, 50),
	(62, 'LEICY MARIA', 'SANTOS HERRERA', 'SANTOS', '1996-05-16', 'MC', 'MX', NULL, 60, 60, 60, 60, 60, 60, 60, 60, 60, 60, 60, 60, 60, 50),
	(63, 'MAREN', 'MJELDE', 'MJELDE', '1989-11-06', 'RD', 'NO', NULL, 60, 60, 60, 60, 60, 60, 60, 60, 60, 60, 60, 60, 60, 50),
	(64, 'ANDREA', 'PEREIRA CEJUDO', 'PEREIRA', '1993-09-19', 'RCD', 'ES', NULL, 60, 60, 60, 60, 60, 60, 60, 60, 60, 60, 60, 60, 60, 50),
	(67, 'DOLORES', 'GALLARDO NUÑEZ', 'L. GALLARDO', '1993-06-10', 'GK', 'ES', NULL, 60, 60, 60, 60, 60, 60, 60, 60, 60, 60, 60, 60, 60, 50),
	(68, 'JODIE', 'TAYLOR', 'TAYLOR', '1986-05-17', 'FW', 'EN', NULL, 60, 60, 60, 60, 60, 60, 60, 60, 60, 60, 60, 60, 60, 50),
	(69, 'KYLIE ALLYSSA', 'STROM', 'STROM', '1993-03-18', 'RD', 'US', NULL, 60, 60, 60, 60, 60, 60, 60, 60, 60, 60, 60, 60, 60, 50),
	(70, 'BRUNA', 'VILAMALA I COSTA', 'BRUNA', '2002-06-04', 'FW', 'ES', NULL, 60, 60, 60, 60, 60, 60, 60, 60, 60, 60, 60, 60, 60, 50),
	(71, 'MARTA', 'VIEIRA DA SILVA', 'MARTA SILVA', '1986-02-19', 'MC', 'BR', NULL, 60, 60, 60, 60, 60, 60, 60, 60, 60, 60, 60, 60, 60, 50),
	(72, 'LUCÍA', 'GARCIA CÓRDOBA', 'L. GARCIA', '1998-07-14', 'FW', 'ES', NULL, 60, 60, 60, 60, 60, 60, 60, 60, 60, 60, 60, 60, 60, 50),
	(73, 'LEILA', 'OUAHABI ELOUAHABI', 'LEILA', '1993-03-22', 'LD', 'ES', NULL, 60, 60, 60, 60, 60, 60, 60, 60, 60, 60, 60, 60, 60, 50),
	(74, 'ELLEN TONI', 'WHITE', 'WHITE', '1989-05-09', 'FW', 'EN', NULL, 60, 60, 60, 60, 60, 60, 60, 60, 60, 60, 60, 60, 60, 50),
	(75, 'MILLIE', 'BRIGHT', 'BRIGHT', '1993-08-21', 'RCD', 'EN', NULL, 60, 60, 60, 60, 60, 60, 60, 60, 60, 60, 60, 60, 60, 50),
	(76, 'LUCY ROBERTS TOUGH', 'BRONZE', 'BRONZE', '1991-10-28', 'LCD', 'EN', NULL, 60, 60, 60, 60, 60, 60, 60, 60, 60, 60, 60, 60, 60, 50),
	(77, 'STINA', 'BLACKSTENIUS', 'BLACKSTENIUS', '1996-02-05', 'FW', 'SE', NULL, 60, 60, 60, 60, 60, 60, 60, 60, 60, 60, 60, 60, 60, 50),
	(78, 'SOFIA', 'JAKOBSON', 'JAKOBSSON', '1990-04-23', 'RW', 'SE', NULL, 60, 60, 60, 60, 60, 60, 60, 60, 60, 60, 60, 60, 60, 50),
	(79, 'FRIDOLINA', 'ROLFÖ', 'ROLFÖ', '1993-11-24', 'LW', 'SE', NULL, 60, 60, 60, 60, 60, 60, 60, 60, 60, 60, 60, 60, 60, 50),
	(80, 'MALLORY DIANE', 'PUGH', 'PUGH', '1998-04-29', 'RW', 'US', NULL, 60, 60, 60, 60, 60, 60, 60, 60, 60, 60, 60, 60, 60, 50),
	(81, 'GIOVANNA', 'QUEIROZ COSTA', 'GIO', '2003-06-21', 'FW', 'BR', NULL, 60, 60, 60, 60, 60, 60, 60, 60, 60, 60, 60, 60, 60, 50),
	(82, 'TAMEKA', 'BUTT', 'YALLOP', '1991-06-16', 'MC', 'AU', NULL, 60, 60, 60, 60, 60, 60, 60, 60, 60, 60, 60, 60, 60, 50),
	(83, 'RUT HEDVIG', 'LINDAHL', 'LINDAHL', '1986-04-29', 'GK', 'SE', NULL, 60, 60, 60, 60, 60, 60, 60, 60, 60, 60, 60, 60, 60, 50),
	(84, 'CRISTINE', 'SINCLAIRE', 'SINCLAIRE', '1983-06-12', 'FW', 'CA', NULL, 60, 60, 60, 60, 60, 60, 60, 60, 60, 60, 60, 60, 60, 50),
	(85, 'ONEMA GRACE', 'GEYORO', 'GEYORO', '1997-07-02', 'MC', 'FR', NULL, 60, 60, 60, 60, 60, 60, 60, 60, 60, 60, 60, 60, 60, 50),
	(86, 'JORDYN PAMELA', 'HUITEMA', 'HUITEMA', '2001-05-08', 'FW', 'CA', NULL, 60, 60, 60, 60, 60, 60, 60, 60, 60, 60, 60, 60, 60, 50),
	(87, 'EMMA', 'BYRNE', 'BYRNE', '1979-06-14', 'GK', 'GB', NULL, 60, 60, 60, 60, 60, 60, 60, 60, 60, 60, 60, 60, 60, 50),
	(88, 'SHANICE', 'VAN DE SANDEN', 'VAN DE SANDEN', '1992-10-02', 'RW', 'NL', NULL, 60, 60, 60, 60, 60, 60, 60, 60, 60, 60, 60, 60, 60, 50),
	(92, 'SAKINA', 'KARCHAOUI', 'KARCHAOUI', '1996-01-26', 'LD', 'FR', NULL, 60, 60, 60, 60, 60, 60, 60, 60, 60, 60, 60, 60, 60, 50),
	(93, 'DELPHINE', 'CASCARINO', 'CASCARINO', '1997-02-05', 'MC', 'FR', NULL, 60, 60, 60, 60, 60, 60, 60, 60, 60, 60, 60, 60, 60, 50),
	(96, 'ALEXANDRA', 'POPP', 'POPP', '1991-04-06', 'FW', 'DE', NULL, 60, 60, 60, 60, 60, 60, 60, 60, 60, 60, 60, 60, 60, 50),
	(97, 'LINA MARIA', 'MAGULL', 'MAGULL', '1994-08-15', 'MC', 'DE', NULL, 60, 60, 60, 60, 60, 60, 60, 60, 60, 60, 60, 60, 60, 50),
	(99, 'HANNA ERICA MARIA', 'GLAS', 'GLAS', '1996-04-16', 'LD', 'SE', NULL, 60, 60, 60, 60, 60, 60, 60, 60, 60, 60, 60, 60, 60, 50),
	(100, 'SARAH', 'BOUHADDI', 'BOUHADDI', '1986-10-17', 'GK', 'FR', NULL, 60, 60, 60, 60, 60, 60, 60, 60, 60, 60, 60, 60, 60, 50),
	(101, 'ADA MARTINE STOLMO', 'HEGERBERG', 'HEGERBERG', '1995-07-10', 'FW', 'NO', NULL, 60, 60, 60, 60, 60, 60, 60, 60, 60, 60, 60, 60, 60, 50),
	(102, 'CAROLINE GRAHAM', 'HANSEN', 'GRAHAM', '1995-02-18', 'RW', 'NO', NULL, 85, 65, 50, 40, 65, 65, 80, 75, 90, 80, 95, 70, 90, 45),
	(103, 'JENNIFER', 'HERMOSO FUENTES', 'J. HERMOSO', '1990-05-09', 'FW', 'ES', NULL, 60, 60, 60, 60, 60, 60, 60, 60, 60, 60, 60, 60, 60, 50),
	(104, 'JULIE', 'JONHSTON', 'ERTZ', '1996-04-06', 'LCD', 'US', NULL, 60, 60, 60, 60, 60, 60, 60, 60, 60, 60, 60, 60, 60, 50),
	(105, 'JORDAN', 'NOBBS', 'NOBBS', '1992-12-08', 'MC', 'EN', NULL, 60, 60, 60, 60, 60, 60, 60, 60, 60, 60, 60, 60, 60, 50),
	(106, 'JILL JAMIE', 'ROORD', 'ROORD', '1997-04-22', 'LW', 'NL', NULL, 60, 60, 60, 60, 60, 60, 60, 60, 60, 60, 60, 60, 60, 50),
	(107, 'ANNA MARGARETHA MARINA ASTRID', 'MIEDEMA', 'MIEDEMA', '1996-07-15', 'FW', 'NL', NULL, 60, 60, 60, 60, 60, 60, 60, 60, 60, 60, 60, 60, 60, 50),
	(108, 'NICOLE', 'BILLA', 'BILLA', '1996-03-05', 'FW', 'AT', NULL, 60, 60, 60, 60, 60, 60, 60, 60, 60, 60, 60, 60, 60, 50),
	(109, 'LENA SOPHIE', 'OBERDORF', 'OBERDORF', '2001-12-19', 'RCD', 'DE', NULL, 60, 60, 60, 60, 60, 60, 60, 60, 60, 60, 60, 60, 60, 50),
	(110, 'EWA', 'PAJOR', 'PAJOR', '1996-12-03', 'FW', 'PL', NULL, 60, 60, 60, 60, 60, 60, 60, 60, 60, 60, 60, 60, 60, 50),
	(111, 'WENDIE', 'RENARD', 'RENARD', '1990-07-20', 'RCD', 'FR', NULL, 60, 60, 60, 60, 60, 60, 60, 60, 60, 60, 60, 60, 60, 50),
	(112, 'DZSENIFER', 'MAROZSÁN', 'MAROZSÁN', '1992-04-18', 'MC', 'DE', NULL, 60, 60, 60, 60, 60, 60, 60, 60, 60, 60, 60, 60, 60, 50),
	(113, 'JACKIE', 'GROENEN', 'GROENEN', '1994-12-17', 'MC', 'NL', NULL, 60, 60, 60, 60, 60, 60, 60, 60, 60, 60, 60, 60, 60, 50),
	(114, 'MARTA', 'TORREJON I MOYA', 'MARTA', '1990-02-27', 'RD', 'ES', NULL, 60, 60, 60, 60, 60, 60, 60, 60, 60, 60, 60, 60, 60, 50),
	(115, 'ANA MARIA', 'CRNOGOCEVIC', 'CRNOGOCEVIC', '1990-10-03', 'RW', 'CH', NULL, 60, 60, 60, 60, 60, 60, 60, 60, 60, 60, 60, 60, 60, 50),
	(116, 'LEAH CATHRIN', 'WILLIAMSON', 'WILLIAMSON', '1997-03-29', 'RCD', 'EN', NULL, 60, 60, 60, 60, 60, 60, 60, 60, 60, 60, 60, 60, 60, 50),
	(117, 'EUGÉNIE', 'LE SOMMER', 'LE SOMMER', '1989-05-18', 'FW', 'FR', NULL, 60, 60, 60, 60, 60, 60, 60, 60, 60, 60, 60, 60, 60, 50),
	(118, 'SANDRA', 'PAÑOS GARCIA VILLAMIL', 'PAÑOS', '1992-11-04', 'GK', 'ES', NULL, 60, 60, 60, 60, 60, 60, 60, 60, 60, 60, 60, 60, 60, 50),
	(119, 'ASISAT  LAMINA', 'OSHOALA', 'OSHOALA', '1994-10-09', 'FW', 'NG', NULL, 60, 60, 60, 60, 60, 60, 60, 60, 60, 60, 60, 60, 60, 50),
	(120, 'KOSOVARE', 'ASLLANI', 'ASLLANI', '1989-07-29', 'FW', 'SE', NULL, 60, 60, 60, 60, 60, 60, 60, 60, 60, 60, 60, 60, 60, 50),
	(121, 'AMEL', 'MAJRI', 'MAJRI', '1993-01-25', 'MC', 'FR', NULL, 60, 60, 60, 60, 60, 60, 60, 60, 60, 60, 60, 60, 60, 50),
	(122, 'SELMA', 'BACHA', 'BACHA', '2000-11-09', 'LD', 'FR', NULL, 60, 60, 60, 60, 60, 60, 60, 60, 60, 60, 60, 60, 60, 50),
	(123, 'DAMARIS BERTA', 'EGURROLA WIENKE', 'DAMARIS', '1999-08-26', 'MC', 'ES', NULL, 60, 60, 60, 60, 60, 60, 60, 60, 60, 60, 60, 60, 60, 50),
	(124, 'KADEISHA', 'BUCHANAN', 'BUCHANAN', '1995-11-05', 'RCD', 'CA', NULL, 60, 60, 60, 60, 60, 60, 60, 60, 60, 60, 60, 60, 60, 50),
	(125, 'MELANIE', 'SERRANO PÉREZ', 'MELANIE', '1989-10-12', 'LD', 'ES', NULL, 60, 60, 60, 60, 60, 60, 60, 60, 60, 60, 60, 60, 60, 50),
	(126, 'MARIONA', 'CALDENTEY OLIVER', 'MARIONA', '1996-03-19', 'LW', 'ES', NULL, 60, 60, 60, 60, 60, 60, 60, 60, 60, 60, 60, 60, 60, 50),
	(127, 'LAIA', 'CODINA I PANEDAS', 'L. CODINA', '2000-01-22', 'LCD', 'ES', NULL, 60, 60, 60, 60, 60, 60, 60, 60, 60, 60, 60, 60, 60, 50),
	(128, 'CATALINA', 'COLL LLUCH', 'CATA', '2001-04-23', 'GK', 'ES', NULL, 60, 60, 60, 60, 60, 60, 60, 60, 60, 60, 60, 60, 60, 50),
	(129, 'ESTHER', 'GONZALEZ RODRÍGUEZ', 'ESTHER', '1992-12-08', 'FW', 'ES', NULL, 60, 60, 60, 60, 60, 60, 60, 60, 60, 60, 60, 60, 60, 50),
	(130, 'MARTA', 'CARDONA MIGUEL', 'M. CARDONA', '1995-05-26', 'FW', 'ES', NULL, 60, 60, 60, 60, 60, 60, 60, 60, 60, 60, 60, 60, 60, 50),
	(131, 'VIRGINIA', 'TORRECILLA REYES', 'VIRGINIA', '1994-09-04', 'MC', 'ES', NULL, 60, 60, 60, 60, 60, 60, 60, 60, 60, 60, 60, 60, 60, 50),
	(132, 'ANGELA', 'SOSA MARTÍN', 'ANGELA SOSA', '1993-01-16', 'MC', 'ES', NULL, 60, 60, 60, 60, 60, 60, 60, 60, 60, 60, 60, 60, 60, 50),
	(133, 'CARMEN', 'MENAYO MONTERO', 'MENAYO', '1998-04-14', 'RCD', 'ES', NULL, 60, 60, 60, 60, 60, 60, 60, 60, 60, 60, 60, 60, 60, 50),
	(134, 'ADRIANNA NICOLE', 'FRANCH', 'FRANCH', '1990-11-12', 'GK', 'US', NULL, 75, 70, 80, 70, 80, 85, 80, 65, 65, 40, 40, 20, 20, 80),
	(135, 'ASHLYN', 'HARRIS', 'HARRIS', '1985-10-19', 'GK', 'US', NULL, 60, 60, 60, 60, 60, 60, 60, 60, 60, 60, 60, 60, 60, 50),
	(136, 'ALEXANDRA BLAIRE', 'KRIEGER', 'KRIEGER', '1984-07-28', 'RCD', 'US', NULL, 60, 60, 60, 60, 60, 60, 60, 60, 60, 60, 60, 60, 60, 50),
	(137, 'CHRISTEN ANNEMARIE', 'PRESS', 'PRESS', '1988-12-29', 'LW', 'US', NULL, 60, 60, 60, 60, 60, 60, 60, 60, 60, 60, 60, 60, 60, 50),
	(138, 'KRISTEN ANNE', 'MEWIS', 'K. MEWIS', '1991-02-25', 'MC', 'US', NULL, 60, 60, 60, 60, 60, 60, 60, 60, 60, 60, 60, 60, 60, 50),
	(139, 'KAREN', 'BARDSLEY', 'BARDSLEY', '1984-10-14', 'GK', 'EN', NULL, 60, 60, 60, 60, 60, 60, 60, 60, 60, 60, 60, 60, 60, 50),
	(140, 'AYA', 'SAMESHIMA', 'SAMESHIMA', '1987-06-16', 'RD', 'JP', NULL, 60, 60, 60, 60, 60, 60, 60, 60, 60, 60, 60, 60, 60, 50),
	(141, 'STEFANIE', 'VAN DER GRAGT', 'VAN DER GRAGT', '1992-08-16', 'LCD', 'NL', NULL, 60, 60, 60, 60, 60, 60, 60, 60, 60, 60, 60, 60, 60, 50),
	(145, 'AMANDA', 'SAMPEDRO BUSTOS', 'A.SAMPEDRO', '1993-06-26', 'RW', 'ES', NULL, 60, 60, 60, 60, 60, 60, 60, 60, 60, 60, 60, 60, 60, 50),
	(148, 'KEIRA FAE', 'WALSH', 'WALSH', '1997-04-08', 'MC', 'EN', NULL, 60, 60, 60, 60, 60, 60, 60, 60, 60, 60, 60, 60, 60, 50),
	(151, 'IVANA', 'ANDRES SANZ', 'IVANA', '1994-07-13', 'LCD', 'ES', NULL, 60, 60, 60, 60, 60, 60, 60, 60, 60, 60, 60, 60, 60, 50),
	(152, 'SOFIE', 'SVAVA', 'SVAVA', '2000-08-11', 'LCD', 'DK', NULL, 60, 60, 60, 60, 60, 60, 60, 60, 60, 60, 60, 60, 60, 50),
	(153, 'GIULA RONJA', 'GWINN', 'GWINN', '1997-07-02', 'LW', 'DE', NULL, 60, 60, 60, 60, 60, 60, 60, 60, 60, 60, 60, 60, 60, 50),
	(154, 'NAHIKARI', 'GARCÍA PEREZ', 'NAHIKARI', '1997-03-10', 'FW', 'ES', NULL, 60, 60, 60, 60, 60, 60, 60, 60, 60, 60, 60, 60, 60, 50),
	(155, 'CLAUDIA', 'ZORNOZA SANCHEZ', 'ZORNOZA', '1990-10-20', 'MC', 'ES', NULL, 60, 60, 60, 60, 60, 60, 60, 60, 60, 60, 60, 60, 60, 50),
	(156, 'ESTEFANIA ROMINA', 'BANINI RUIZ', 'BANINI', '1990-06-21', 'MC', 'AR', NULL, 60, 60, 60, 60, 60, 60, 60, 60, 60, 60, 60, 60, 60, 50),
	(157, 'CRYSTAL ALYSSIA', 'DUNN', 'DUNN', '1992-07-03', 'LD', 'US', NULL, 60, 60, 60, 60, 60, 60, 60, 60, 60, 60, 60, 60, 60, 50),
	(158, 'ONA', 'BATLLE PASCUAL', 'BATLLE', '1999-06-10', 'RD', 'ES', NULL, 80, 85, 60, 75, 80, 80, 75, 45, 75, 55, 75, 60, 60, 70),
	(160, 'BETHANY JANE', 'MEAD', 'MEAD', '1995-05-09', 'RW', 'EN', NULL, 60, 60, 60, 60, 60, 60, 60, 60, 60, 60, 60, 60, 60, 50),
	(161, 'ALEX', 'GREENWOOD', 'GREENWOOD', '1993-09-07', 'LD', 'EN', NULL, 60, 60, 60, 60, 60, 60, 60, 60, 60, 60, 60, 60, 60, 50),
	(164, 'MARÍA ISABEL', 'RODRÍGUEZ RIVERO', 'MISA', '1999-07-22', 'GK', 'ES', NULL, 60, 60, 60, 60, 60, 60, 60, 60, 60, 60, 60, 60, 60, 50),
	(165, 'CAROLINE ELSPETH', 'LILLIAS WEIR', 'WEIR', '1995-06-20', 'MCO', 'GB', NULL, 60, 60, 60, 60, 60, 60, 60, 60, 60, 60, 60, 60, 60, 50),
	(166, 'DEMI LEE', 'COURTNEY STOKES', 'STOKES', '1991-12-12', 'LCD', 'EN', NULL, 60, 60, 60, 60, 60, 60, 60, 60, 60, 60, 60, 60, 60, 50),
	(167, 'MELANIE', 'LEUPOLZ', 'LEUPOLZ', '1994-04-14', 'MC', 'DE', NULL, 60, 60, 60, 60, 60, 60, 60, 60, 60, 60, 60, 60, 60, 50),
	(168, 'CLAUDIA', 'PINA MEDINA', 'PINA', '2001-08-12', 'FW', 'ES', NULL, 60, 60, 60, 60, 60, 60, 60, 60, 60, 60, 60, 60, 60, 50),
	(169, 'CANDELA', 'ANDUJAR JIMENEZ', 'ANDUJAR', '2000-03-26', 'FW', 'ES', NULL, 60, 60, 60, 60, 60, 60, 60, 60, 60, 60, 60, 60, 60, 50),
	(170, 'ALEXANDRA PATRICIA', 'MORGAN', 'MORGAN', '1989-07-02', 'FW', 'US', NULL, 60, 60, 60, 60, 60, 60, 60, 60, 60, 60, 60, 60, 60, 50),
	(171, 'MEGAN', 'RAPINOE', 'RAPINOE', '1985-07-05', 'FW', 'US', NULL, 60, 60, 60, 60, 60, 60, 60, 60, 60, 60, 60, 60, 60, 50),
	(172, 'VERONICA', 'BOQUETE GIADANS', 'VERO', '1987-04-09', 'MC', 'ES', NULL, 60, 60, 60, 60, 60, 60, 60, 60, 60, 60, 60, 60, 60, 50),
	(173, 'MARIE ANTOINETTE', 'ODA KATOTO', 'KATOTO', '1998-11-01', 'FW', 'FR', NULL, 60, 60, 60, 60, 60, 60, 60, 60, 60, 60, 60, 60, 60, 50),
	(174, 'STEPHANIE LYNN', 'MARIE LABBE', 'LABBE', '1986-10-10', 'GK', 'CA', NULL, 60, 60, 60, 60, 60, 60, 60, 60, 60, 60, 60, 60, 60, 50),
	(175, 'ADRIANA KRISTINA', 'LEON', 'LEON', '1992-10-02', 'FW', 'CA', NULL, 60, 60, 60, 60, 60, 60, 60, 60, 60, 60, 60, 60, 60, 50),
	(176, 'ALISHA', 'LEHMANN', 'LEHMANN', '1999-01-21', 'FW', 'CH', NULL, 60, 60, 60, 60, 60, 60, 60, 60, 60, 60, 60, 60, 60, 50),
	(177, 'ELISA', 'DE ALMEIDA', 'DE ALMEIDA', '1998-01-11', 'RCD', 'FR', NULL, 60, 60, 60, 60, 60, 60, 60, 60, 60, 60, 60, 60, 60, 50),
	(178, 'SARA CAROLINE', 'SEGER', 'SEGER', '1985-03-19', 'MC', 'SE', NULL, 60, 60, 60, 60, 60, 60, 60, 60, 60, 60, 60, 60, 60, 50),
	(179, 'JILL LOUISE', 'SCOTT', 'SCOTT', '1987-02-02', 'MC', 'EN', NULL, 60, 60, 60, 60, 60, 60, 60, 60, 60, 60, 60, 60, 60, 50),
	(180, 'SVENJA', 'HUTH', 'HUTH', '1991-01-25', 'FW', 'DE', NULL, 60, 60, 60, 60, 60, 60, 60, 60, 60, 60, 60, 60, 60, 50),
	(181, 'ROSEMARY ELEANOR', 'FLORENCE WHITE', 'WHITE', '1993-06-06', 'MC', 'NZ', NULL, 60, 60, 60, 60, 60, 60, 60, 60, 60, 60, 60, 60, 60, 50),
	(182, 'ABIGAIL LYNN', 'DAHLKEMPER', 'DAHLKEMPER', '1993-05-13', 'MCD', 'US', NULL, 60, 60, 60, 60, 60, 60, 60, 60, 60, 60, 60, 60, 60, 50),
	(183, 'VAITIARE KENTI', 'ROBLES SALAS', 'KENTI ROBLES', '1991-02-15', 'RD', 'MX', NULL, 60, 60, 60, 60, 60, 60, 60, 60, 60, 60, 60, 60, 60, 50),
	(184, 'ELLIE MADISON', 'CARPENTER', 'CARPENTER', '0200-04-28', 'RD', 'AU', NULL, 60, 60, 60, 60, 60, 60, 60, 60, 60, 60, 60, 60, 60, 50),
	(185, 'LINDSEY MICHELLE', 'HORAN', 'HORAN', '1994-05-26', 'MCO', 'US', NULL, 60, 60, 60, 60, 60, 60, 60, 60, 60, 60, 60, 60, 60, 50),
	(186, 'ELLA ANN', 'TOONE', 'TOONE', '1994-05-02', 'MC', 'EN', NULL, 60, 60, 60, 60, 60, 60, 60, 60, 60, 60, 60, 60, 60, 50),
	(187, 'ALBA MARIA', 'REDONDO FERRER', 'REDONDO', '1996-08-27', 'DC', 'ES', NULL, 60, 60, 60, 60, 60, 60, 60, 60, 60, 60, 60, 60, 60, 50),
	(188, 'JI', 'SO YUN', 'SO YUN', '1991-02-21', 'MC', 'JP', NULL, 60, 60, 60, 60, 60, 60, 60, 60, 60, 60, 60, 60, 60, 50),
	(189, 'LEANNE', 'KIERNAN', 'KIERNAN', '1999-04-27', 'DC', 'GB', NULL, 60, 60, 60, 60, 60, 60, 60, 60, 60, 60, 60, 60, 60, 50),
	(190, 'VICTORIA', 'PELOVA', 'PELOVA', '1999-06-03', 'MC', 'NL', NULL, 60, 60, 60, 60, 60, 60, 60, 60, 60, 60, 60, 60, 60, 50),
	(193, 'ATHENEA', 'DEL CASTILLO BEIVIDE', 'ATHENEA', '2000-10-24', 'LW', 'ES', NULL, 80, 60, 60, 60, 60, 60, 75, 75, 85, 60, 80, 60, 60, 50),
	(194, 'LINA MONA ANDREA', 'HURTIG', 'HURTIG', '1995-09-05', 'LW', 'SE', NULL, 60, 60, 60, 60, 60, 60, 60, 60, 60, 60, 60, 60, 60, 50),
	(195, 'ALIA', 'GUAGNI', 'GUAGNI', '1987-10-01', 'MCD', 'IT', NULL, 60, 60, 60, 60, 60, 60, 60, 60, 60, 60, 60, 60, 60, 50),
	(196, 'LISA-MARIE KARLSENG', 'UTLAND', 'UTLAND', '1992-09-19', 'FW', 'NO', NULL, 60, 60, 60, 60, 60, 60, 60, 60, 60, 60, 60, 60, 60, 50),
	(197, 'JANINE ELIZABETH ', 'BECKIE ', 'BECKIE ', '1994-08-20', 'FW', 'CA', NULL, 60, 60, 60, 60, 60, 60, 60, 60, 60, 60, 60, 60, 60, 50),
	(198, 'DEYNA', 'CASTELLANOS', 'DEYNA. C', '1999-04-18', 'FW', 'VE', NULL, 60, 60, 60, 60, 60, 60, 60, 60, 60, 60, 60, 60, 60, 50),
	(199, 'JESSICA MARIE', 'MCDONALD', 'MCDONALD', '1988-02-28', 'FW', 'US', NULL, 60, 60, 60, 60, 60, 60, 60, 60, 60, 60, 60, 60, 60, 50),
	(200, 'MIRAILDES MACIE', 'MOTA', 'FORMIGA', '1978-03-03', 'MC', 'BR', NULL, 60, 60, 60, 60, 60, 60, 60, 60, 60, 60, 60, 60, 60, 50),
	(201, 'SARA LLONKA', 'DÄBRITZ', 'DÄBRITZ', '1995-02-15', 'MC', 'DE', NULL, 60, 60, 60, 60, 60, 60, 60, 60, 60, 60, 60, 60, 60, 50),
	(202, 'KENZA', 'DALI', 'DALI', '1991-07-31', 'MC', 'FR', NULL, 60, 60, 60, 60, 60, 60, 60, 60, 60, 60, 60, 60, 60, 50),
	(204, 'LINDA BIRGITTA', 'SEMBRANT', 'SEMBRANT', '1987-05-15', 'MCD', 'SE', NULL, 60, 60, 60, 60, 60, 60, 60, 60, 60, 60, 60, 60, 60, 50),
	(205, 'JESSICA EVA KATARINA', 'SAMUELSSON', 'SAMUELSSON', '1992-01-30', 'MCD', 'SE', NULL, 60, 60, 60, 60, 60, 60, 60, 60, 60, 60, 60, 60, 60, 50),
	(206, 'HOPE AMELIA', 'SOLO', 'SOLO', '1987-07-30', 'GK', 'GB', NULL, 60, 60, 60, 60, 60, 60, 60, 60, 60, 60, 60, 60, 60, 50),
	(207, 'SHELINA LAURA', 'ZADORSKY', 'ZADORSKY', '1992-10-24', 'MCD', 'CA', NULL, 60, 60, 60, 60, 60, 60, 60, 60, 60, 60, 60, 60, 60, 50),
	(208, 'LISA CATHERINE', 'EVANS', 'EVANS', '1992-05-21', 'MCD', 'GB', NULL, 60, 60, 60, 60, 60, 60, 60, 60, 60, 60, 60, 60, 60, 50),
	(209, 'CAITLIN JADE', 'FOORD', 'FOORD', '1994-11-11', 'FW', 'AU', NULL, 60, 60, 60, 60, 60, 60, 60, 60, 60, 60, 60, 60, 60, 50),
	(210, 'HAYLEY EMMA', 'RASO', 'RASO', '1994-09-05', 'MC', 'AU', NULL, 60, 60, 60, 60, 60, 60, 60, 60, 60, 60, 60, 60, 60, 50),
	(211, 'JANA ALEXANDRA', 'GUTIÉRREZ CAMPOS', 'J.GUTIERREZ', '2003-10-25', 'MC', 'MX', NULL, 60, 60, 60, 60, 60, 60, 60, 60, 60, 60, 60, 60, 60, 50),
	(212, 'ÅSA NILLA MARÍA', 'FISCHER', 'FISCHER', '1984-08-02', 'MCD', 'SE', NULL, 60, 60, 60, 60, 60, 60, 60, 60, 60, 60, 60, 60, 60, 50),
	(214, 'CATARINA CANTANHEDE', 'MELÔNIO MACÁRIO', 'MACARIO', '1999-10-04', 'MC', 'US', NULL, 60, 60, 60, 60, 60, 60, 60, 60, 60, 60, 60, 60, 60, 50),
	(215, 'MELVINE', ' MALARD', 'MALARD', '2000-06-28', 'FW', 'FR', NULL, 60, 60, 60, 60, 60, 60, 60, 60, 60, 60, 60, 60, 60, 50),
	(216, 'MEREL', 'VAN DONGEN', 'VAN DONGEN', '1993-02-11', 'LCD', 'NL', NULL, 60, 60, 60, 60, 60, 60, 60, 60, 60, 60, 60, 60, 60, 50),
	(217, 'KIKA', 'VAN ES', 'VAN ES', '1991-10-11', 'MCD', 'NL', NULL, 60, 60, 60, 60, 60, 60, 60, 60, 60, 60, 60, 60, 60, 50),
	(218, 'RENATE', 'JANSEN', 'R.JANSEN', '1990-12-07', 'FW', 'NL', NULL, 60, 60, 60, 60, 60, 60, 60, 60, 60, 60, 60, 60, 60, 50),
	(219, 'ALINE', 'VILLARES REIS', 'ALINE REIS', '1989-04-15', 'GK', 'BR', NULL, 60, 60, 60, 60, 60, 60, 60, 60, 60, 60, 60, 60, 60, 50),
	(220, 'TIERNA LILLIS', 'DAVIDSON', 'DAVIDSON', '1998-09-19', 'MCD', 'US', NULL, 60, 60, 60, 60, 60, 60, 60, 60, 60, 60, 60, 60, 60, 50),
	(221, 'ANDY MAUREEN', 'SULLIVAN', 'SULLIVAN', '1995-12-20', 'MC', 'US', NULL, 60, 60, 60, 60, 60, 60, 60, 60, 60, 60, 60, 60, 60, 50),
	(222, 'REBECCA ELIZABETH ', 'SAUERBRUNN', 'SAUERBRUNN', '1985-06-06', 'MCD', 'US', NULL, 60, 60, 60, 60, 60, 60, 60, 60, 60, 60, 60, 60, 60, 50),
	(223, 'CARLA ', 'ARMENGOL JOANIQUET', 'CARLA', '1998-04-02', 'FW', 'ES', NULL, 60, 60, 60, 60, 60, 60, 60, 60, 60, 60, 60, 60, 60, 50),
	(224, 'ANNABELLA MADELEINE', 'BIXBY', 'BIXBY', '1995-11-20', 'GK', 'US', NULL, 60, 60, 60, 60, 60, 60, 60, 60, 60, 60, 60, 60, 60, 50),
	(225, 'SAMANTHA JUNE', 'MEWIS', 'S.MEWIS', '1992-10-09', 'RMC', 'US', NULL, 60, 60, 60, 60, 60, 60, 60, 60, 60, 60, 60, 60, 60, 50),
	(226, 'MARTA', 'CORREDERA I RUEDA', 'M.CORREDERA', '1991-08-08', 'MCD', 'ES', NULL, 60, 60, 60, 60, 60, 60, 60, 60, 60, 60, 60, 60, 60, 50),
	(231, 'ZECIRA', 'MUSOVIC', 'MUSOVIC', '1996-05-26', 'GK', 'SE', NULL, 60, 60, 60, 60, 60, 60, 60, 60, 60, 60, 60, 60, 60, 50),
	(233, 'OLGA ', 'CARMONA GARCÍA ', 'OLGA', '2000-06-12', 'LD', 'ES', NULL, 60, 60, 60, 60, 60, 60, 60, 60, 60, 60, 60, 60, 60, 50),
	(234, 'OLGA', 'GARCÍA PEREZ', 'OLGA GARCÍA', '1992-06-01', 'FW', 'ES', '', 60, 60, 60, 60, 60, 60, 60, 60, 60, 60, 60, 60, 60, 50),
	(235, 'DOMINIQUE JOHANNA ANNA', 'JANSSEN', 'JANSSEN', '1995-01-17', 'RCD', 'NL', NULL, 60, 60, 60, 60, 60, 60, 60, 60, 60, 60, 60, 60, 60, 50),
	(236, 'SANDY MADELEINE', 'BALTIMORE', 'BALTIMORE', '2000-02-19', 'FW', 'FR', '', 60, 60, 60, 60, 60, 60, 60, 60, 60, 60, 60, 60, 60, 50),
	(237, 'PATRICIA', 'GAVIRA COLLADO', 'PATRI GAVIRA', '1989-04-26', 'MC', 'ES', NULL, 60, 60, 60, 60, 60, 60, 60, 60, 60, 60, 60, 60, 60, 50),
	(238, 'MARIA ESTELLA', 'DEL VALLE ', 'ESTELLA', '1994-06-10', 'LD', 'ES', '', 60, 60, 60, 60, 60, 60, 60, 60, 60, 60, 60, 60, 60, 50),
	(239, 'NAYLUISA JHAYLENNY', 'CÁCERES ACEVEDO ', 'NAYLUISA', '1999-11-18', 'GK', 'VE', '', 60, 60, 60, 60, 60, 60, 60, 60, 60, 60, 60, 60, 60, 50),
	(240, 'MARÍA DEL PILAR', 'GONZÁLEZ ÁVILA', 'PILI', '1990-04-18', 'GK', 'ES', '', 60, 60, 60, 60, 60, 60, 60, 60, 60, 60, 60, 60, 60, 50),
	(241, 'NATALIA', 'RAMOS ALVAREZ', 'N.RAMOS', '1999-02-10', 'RCD', 'ES', '', 60, 60, 60, 60, 60, 60, 60, 60, 60, 60, 60, 60, 60, 50),
	(242, 'ALEKSANDRA', 'ZAREMBA', 'ALEKSANDRA', '2001-02-19', 'LW', 'ES', NULL, 60, 60, 60, 60, 60, 60, 60, 60, 60, 60, 60, 60, 60, 50),
	(243, 'ISABEL', 'ÁLVAREZ TENORIO', 'ISA', '1999-06-12', 'RCD', 'ES', NULL, 60, 60, 60, 60, 60, 60, 60, 60, 60, 60, 60, 60, 60, 50),
	(244, 'CRISTINA', 'CUBEDO PITARCH', 'CUBEDO', '1999-10-21', 'LCD', 'ES', NULL, 60, 60, 60, 60, 60, 60, 60, 60, 60, 60, 60, 60, 60, 50),
	(245, 'BEATRICE SOUTHBY', 'GOAD', 'BEATTIE', '1997-05-31', 'RCD', 'AU', '', 60, 60, 60, 60, 60, 60, 60, 60, 60, 60, 60, 60, 60, 50),
	(246, 'MARÍA JOSÉ ', 'PÉREZ GONZÁLEZ', 'MARIJOSE', '1984-03-19', 'RW', 'ES', '', 60, 60, 60, 60, 60, 60, 60, 60, 60, 60, 60, 60, 60, 50),
	(247, 'SILVIA', 'DOBLADO PEÑA', 'SILVIA', '1987-03-22', 'MC', 'ES', '', 60, 60, 60, 60, 60, 60, 60, 60, 60, 60, 60, 60, 60, 50),
	(248, 'NATAŠA', 'ANDONOVA', 'ANDONOVA', '1993-12-04', 'FW', 'MK', '', 60, 60, 60, 60, 60, 60, 60, 60, 60, 60, 60, 60, 60, 50),
	(249, 'TONI', 'DUGGAN', 'DUGGAN', '1991-07-25', 'LW', 'GB', '', 60, 60, 60, 60, 60, 60, 60, 60, 60, 60, 60, 60, 60, 50),
	(250, 'STEPHANIE JAYNE', 'HOUGHTON', 'HOUGHTON', '1988-04-23', 'LCD', 'GB', '', 60, 60, 60, 60, 60, 60, 60, 60, 60, 60, 60, 60, 60, 50),
	(251, 'GEORGIA MARIE', 'STANWAY', 'STANWAY', '1999-01-03', 'FW', 'GB', '', 60, 60, 60, 60, 60, 60, 60, 60, 60, 60, 60, 60, 60, 50),
	(252, 'KHADIJA MONIFA', 'SHAW', 'SHAW', '1997-01-31', 'FW', 'JM', NULL, 60, 60, 60, 60, 60, 60, 60, 60, 60, 60, 60, 60, 60, 50),
	(253, 'TERESA ', 'ABELLEIRA DUEÑAS', 'TERESA', '2000-01-09', 'MC', 'ES', '', 60, 60, 60, 60, 60, 60, 60, 60, 60, 60, 60, 60, 60, 50),
	(254, 'GRETA', 'ADAMI', 'ADAMI', '1992-07-31', 'MC', 'IT', '', 60, 60, 60, 60, 60, 60, 60, 60, 60, 60, 60, 60, 60, 50),
	(255, 'AURÉLIE ANNE SOPHIE', 'KACI', 'KACI', '1989-12-19', 'MC', 'FR', '', 60, 60, 60, 60, 60, 60, 60, 60, 60, 60, 60, 60, 60, 60),
	(256, 'BERTA', 'PUJADAS BOIX', 'PUJADAS', '2000-04-09', 'RCD', 'ES', '', 60, 60, 60, 60, 60, 60, 60, 60, 60, 60, 60, 60, 60, 60),
	(257, 'NOELIA', 'GIL PEREZ', 'NOELIA GIL', '1994-05-23', 'GK', 'ES', '', 60, 60, 60, 60, 60, 60, 60, 60, 60, 60, 60, 60, 60, 60),
	(258, 'ENITH', 'SALÓN MARCUELLO', 'ENITH', '2001-09-24', '', 'ES', '', 60, 60, 60, 60, 60, 60, 60, 60, 60, 60, 60, 60, 60, 60),
	(260, 'SANDRA STEPHANY ', 'MAYOR GUTIÉRREZ', 'MAYOR', '1991-09-23', 'MC', 'MX', '', 60, 60, 60, 60, 60, 60, 60, 60, 60, 60, 60, 60, 60, 60),
	(261, 'ESME BETH', 'MORGAN', 'MORGAN', '2000-10-18', 'RCD', 'GB', NULL, 60, 60, 60, 60, 60, 60, 60, 60, 60, 60, 60, 60, 60, 60),
	(262, 'JESSICA', 'PARK', 'PARK', '2001-10-21', 'FW', 'GB', NULL, 60, 60, 60, 60, 60, 60, 60, 60, 60, 60, 60, 60, 60, 60),
	(263, 'CHLOE MAGGIE', 'KELLY', 'KELLY', '1998-01-15', 'RW', 'GB', NULL, 60, 60, 60, 60, 60, 60, 60, 60, 60, 60, 60, 60, 60, 60),
	(264, 'RUBY', 'MACE', 'MACE', '2003-09-05', 'MC', 'GB', '', 60, 60, 60, 60, 60, 60, 60, 60, 60, 60, 60, 60, 60, 60),
	(265, 'INGRID FILIPPA', 'ANGEDAHL', 'ANGEDAHL', '1997-07-14', 'MC', 'SE', '', 60, 60, 60, 60, 60, 60, 60, 60, 60, 60, 60, 60, 60, 60),
	(266, 'LAURA ', 'COOMBS HILLS', 'COOMBS', '1991-01-29', 'RMC', 'GB', '', 60, 60, 60, 60, 60, 60, 60, 60, 60, 60, 60, 60, 60, 60),
	(267, 'ALANNA STEPHANIE', ' KENNEDY', ' KENNEDY', '1995-01-21', 'RCD', 'AU', '', 60, 60, 60, 60, 60, 60, 60, 60, 60, 60, 60, 60, 60, 60),
	(268, 'ELLIE', 'ROEBUCK', 'ROEBUCK', '1999-09-23', 'GK', 'GB', '', 60, 60, 60, 60, 60, 60, 60, 60, 60, 60, 60, 60, 60, 60),
	(269, 'KARIMA ', 'BENAMEUR TAIEB ', 'TAIEB', '1989-04-23', 'GK', 'FR', '', 60, 60, 60, 60, 60, 60, 60, 60, 60, 60, 60, 60, 60, 60),
	(270, 'HANNAH', 'HAMPTON', 'HAMPTON', '2000-11-16', 'GK', 'GB', '', 60, 60, 60, 60, 60, 60, 60, 60, 60, 60, 60, 60, 60, 60),
	(271, 'SIAN', 'ROGERS', 'ROGERS', '1998-06-28', 'GK', 'GB', '', 60, 60, 60, 60, 60, 60, 60, 60, 60, 60, 60, 60, 60, 60),
	(272, 'SARAH', 'MAYLING', 'MAYLING', '1997-03-20', 'RCD', 'GB', '', 60, 60, 60, 60, 60, 60, 60, 60, 60, 60, 60, 60, 60, 60),
	(273, 'MEAGHAN', ' SARGEANT', ' SARGEANT', '1994-03-16', 'LCD', 'GB', '', 60, 60, 60, 60, 60, 60, 60, 60, 60, 60, 60, 60, 60, 60),
	(274, 'ELISHA', 'N\'DOW', 'N\'DOW', '1996-10-13', 'LCD', 'GB', '', 60, 60, 60, 60, 60, 60, 60, 60, 60, 60, 60, 60, 60, 60),
	(275, 'ANITA AMA ', 'ANKYEWAH ASANTE', 'ASANTE', '1985-04-27', 'LCD', 'GB', '', 60, 60, 60, 60, 60, 60, 60, 60, 60, 60, 60, 60, 60, 60),
	(276, 'NATALIE ELIZABETH', 'HAIGH', 'HAIGH', '1989-02-08', 'LCD', 'GB', '', 60, 60, 60, 60, 60, 60, 60, 60, 60, 60, 60, 60, 60, 60),
	(277, 'MAYUMI', 'PACHECO', 'PACHECO', '1998-08-25', 'RCD', 'GB', '', 60, 60, 60, 60, 60, 60, 60, 60, 60, 60, 60, 60, 60, 60),
	(278, 'REMI LEE', ' ALLEN', ' ALLEN', '1990-10-15', 'MC', 'GB', '', 60, 60, 60, 60, 60, 60, 60, 60, 60, 60, 60, 60, 60, 60),
	(279, 'CHLOE SUSAN', 'ARTHUR', 'ARTHUR', '1995-01-21', 'MC', 'GB', '', 60, 60, 60, 60, 60, 60, 60, 60, 60, 60, 60, 60, 60, 60),
	(280, 'MANUELA', 'ZINSBERGER', 'ZINSBERGER', '1995-10-19', 'GK', 'AT', '', 60, 60, 60, 60, 60, 60, 60, 60, 60, 60, 60, 60, 60, 60),
	(281, 'RAMONA', 'PETZELBERGER', 'PETZELBERGER', '1992-11-13', 'RW', 'DE', '', 60, 60, 60, 60, 60, 60, 60, 60, 60, 60, 60, 60, 60, 60),
	(282, 'OLIVIA', ' MCLOUGHLIN', ' MCLOUGHLIN', '2004-10-15', 'RCD', 'GB', '', 60, 60, 60, 60, 60, 60, 60, 60, 60, 60, 60, 60, 60, 60),
	(283, 'LAURA', 'BLINDKILDE', 'BLINDKILDE', '2003-09-09', 'MCO', 'GB', '', 60, 60, 60, 60, 60, 60, 60, 60, 60, 60, 60, 60, 60, 60),
	(284, 'MARISA HENRIKE', 'EWERS', 'EWERS', '1989-02-24', 'MCD', 'DE', '', 60, 60, 60, 60, 60, 60, 60, 60, 60, 60, 60, 60, 60, 60),
	(285, 'RUESHA', 'LITTLEJOHN', 'LITTLEJOHN', '1990-07-03', 'MCO', 'IE', '', 60, 60, 60, 60, 60, 60, 60, 60, 60, 60, 60, 60, 60, 60),
	(286, 'EMILY ', 'GIELNIK', 'GIELNIK', '1992-05-13', 'FW', 'AU', '', 60, 60, 60, 60, 60, 60, 60, 60, 60, 60, 60, 60, 60, 60),
	(287, 'CHANTELLE', 'BOYE-HLORKAH', 'BOYE-HLORKAH', '1995-09-08', 'FW', 'GB', '', 60, 60, 60, 60, 60, 60, 60, 60, 60, 60, 60, 60, 60, 60),
	(288, 'JODIE', 'HUTTON', 'HUTTON', '2001-02-11', 'LW', 'GB', '', 60, 60, 60, 60, 60, 60, 60, 60, 60, 60, 60, 60, 60, 60),
	(289, 'SOPHIE', 'HAYWOOD', 'HAYWOOD', '1996-01-10', 'LW', 'GB', '', 60, 60, 60, 60, 60, 60, 60, 60, 60, 60, 60, 60, 60, 60),
	(290, 'FREYA ', 'GREGORY', 'GREGORY', '2003-01-12', 'LW', 'GB', NULL, 60, 60, 60, 60, 60, 60, 60, 60, 60, 60, 60, 60, 60, 60),
	(291, 'GEMMA SUZANNE', 'DAVISON', 'DAVISON', '1987-04-17', 'LW', 'GB', NULL, 60, 60, 60, 60, 60, 60, 60, 60, 60, 60, 60, 60, 60, 60),
	(292, 'SHANIA', 'HAYLES', 'HAYLES', '1999-12-22', 'FW', 'JM', '', 60, 60, 60, 60, 60, 60, 60, 60, 60, 60, 60, 60, 60, 60),
	(293, 'INHA', 'MOSTOVA', 'MOSTOVA', '1997-04-20', 'GK', 'UA', '', 60, 60, 60, 60, 60, 60, 60, 60, 60, 60, 60, 60, 60, 60),
	(294, 'MARYIA', 'SVIDUNOVICH', 'SVIDUNOVICH', '2000-05-20', 'GK', 'BY', '', 60, 60, 60, 60, 60, 60, 60, 60, 60, 60, 60, 60, 60, 60),
	(295, 'GAMZE', 'YAMAN', 'YAMAN', '1999-04-25', 'GK', 'TR', '', 60, 60, 60, 60, 60, 60, 60, 60, 60, 60, 60, 60, 60, 60),
	(296, 'KRISTINE', 'ALEKSANYAN', 'ALEKSANYAN', '1989-03-25', 'RD', 'AM', '', 60, 60, 60, 60, 60, 60, 60, 60, 60, 60, 60, 60, 60, 60),
	(297, 'OLHA', 'BASANSKA', 'BASANSKA', '1992-01-06', 'RCD', 'UA', '', 60, 60, 60, 60, 60, 60, 60, 60, 60, 60, 60, 60, 60, 60),
	(298, 'SOLOMIIA', 'KUPIAK', 'KUPIAK', '2000-06-07', 'RD', 'UA', '', 60, 60, 60, 60, 60, 60, 60, 60, 60, 60, 60, 60, 60, 60),
	(299, 'ANASTASIA', 'VORONINA', 'VORONINA', '1993-07-27', 'LD', 'UA', '', 60, 60, 60, 60, 60, 60, 60, 60, 60, 60, 60, 60, 60, 60),
	(300, 'ALEVTINA', 'UTITSKIKH', 'UTITSKIKH', '1988-07-14', 'LCD', 'RU', '', 60, 60, 60, 60, 60, 60, 60, 60, 60, 60, 60, 60, 60, 60),
	(301, 'LYUBOV', 'SHMATKO', 'SHMATKO', '1993-10-25', 'LCD', 'UA', '', 60, 60, 60, 60, 60, 60, 60, 60, 60, 60, 60, 60, 60, 60),
	(302, 'NADIIA', 'KHAVANSKA', 'KHAVANSKA', '1989-04-02', 'MCD', 'UA', '', 60, 60, 60, 60, 60, 60, 60, 60, 60, 60, 60, 60, 60, 60),
	(303, 'OLHA', 'BOYCHENKO', 'BOYCHENKO', '1989-01-06', 'RMC', 'UA', '', 60, 60, 60, 60, 60, 60, 60, 60, 60, 60, 60, 60, 60, 60),
	(304, 'ANNA', 'PETRYK', 'PETRYK', '1997-10-26', 'LMC', 'UA', '', 60, 60, 60, 60, 60, 60, 60, 60, 60, 60, 60, 60, 60, 60),
	(305, 'DAJANA', 'SPASOJEVIC', 'SPASOJEVIC', '1997-10-29', 'LMC', 'BA', '', 60, 60, 60, 60, 60, 60, 60, 60, 60, 60, 60, 60, 60, 60),
	(306, 'LYDIA GRACE YILKARI', 'WILLIAMS', 'WILLIAMS', '1988-05-13', 'GK', 'AU', '', 60, 60, 60, 60, 60, 60, 60, 60, 60, 60, 60, 60, 60, 60),
	(307, 'IRINA', 'KOCHNYEVA', 'KOCHNYEVA', '1994-09-01', 'MCO', 'UA', '', 60, 60, 60, 60, 60, 60, 60, 60, 60, 60, 60, 60, 60, 60),
	(308, 'YULIA', 'SHEVCHUK', 'SHEVCHUK', '1998-06-25', 'LMC', 'UA', '', 60, 60, 60, 60, 60, 60, 60, 60, 60, 60, 60, 60, 60, 60),
	(309, 'BIRGUL', 'SADIKOGLU', 'SADIKOGLU', '2000-03-23', 'LW', 'TR', '', 60, 60, 60, 60, 60, 60, 60, 60, 60, 60, 60, 60, 60, 60),
	(310, 'DARYNA', 'APANASCHENKO', 'APANASCHENKO', '1986-05-16', 'FW', 'UA', '', 60, 60, 60, 60, 60, 60, 60, 60, 60, 60, 60, 60, 60, 60),
	(311, 'OLHA', 'OVDIYCHUK', 'OVDIYCHUK', '1993-12-16', 'FW', 'UA', '', 60, 60, 60, 60, 60, 60, 60, 60, 60, 60, 60, 60, 60, 60),
	(312, 'GANNA', 'VORONINA', 'GANNA VORONINA', '1992-04-17', 'RW', 'UA', '', 60, 60, 60, 60, 60, 60, 60, 60, 60, 60, 60, 60, 60, 60),
	(313, 'JENNIFER PATRICIA', 'BEATTIE', 'BEATTIE', '1991-05-13', 'LCD', 'GB', '', 60, 60, 60, 60, 60, 60, 60, 60, 60, 60, 60, 60, 60, 60),
	(314, 'ANNA ROSE', 'PATTEN', 'ANNA PATTEN', '1999-04-20', 'RCD', 'GB', '', 60, 60, 60, 60, 60, 60, 60, 60, 60, 60, 60, 60, 60, 60),
	(315, 'CARLOTTE MAE', 'WUBBEN-MOY', 'WUBBEN-MOY', '1999-01-11', 'RCD', 'GB', '', 60, 60, 60, 60, 60, 60, 60, 60, 60, 60, 60, 60, 60, 60),
	(316, 'NOËLLE', 'MARITZ', 'MARITZ', '1995-12-23', 'RD', 'CH', '', 60, 60, 60, 60, 60, 60, 60, 60, 60, 60, 60, 60, 60, 60),
	(317, 'STEPHANIE-ELISE ', 'CATLEY', 'CATLEY', '1994-01-26', 'LD', 'AU', '', 60, 60, 60, 60, 60, 60, 60, 60, 60, 60, 60, 60, 60, 60),
	(318, 'SIMONE', 'BOYE SØRENSEN', 'BOYE ', '1992-03-03', 'LCD', 'DK', '', 60, 60, 60, 60, 60, 60, 60, 60, 60, 60, 60, 60, 60, 60),
	(319, 'VIKTORIA', 'SCHNADERBECK', 'SCHNADERBECK', '1991-01-04', 'RCD', 'AT', '', 60, 60, 60, 60, 60, 60, 60, 60, 60, 60, 60, 60, 60, 60),
	(320, 'KIM ALISON', 'LITTLE', 'LITTLE', '1990-06-29', 'MCD', 'GB', '', 60, 60, 60, 60, 60, 60, 60, 60, 60, 60, 60, 60, 60, 60),
	(321, ' FRIDA LEONHARDSEN', 'MAANUM', 'MAANUM', '1999-07-16', 'LMC', 'NO', '', 60, 60, 60, 60, 60, 60, 60, 60, 60, 60, 60, 60, 60, 60),
	(322, 'LIA JOËLLE', 'WÄLTI', 'WÄLTI', '1993-04-19', 'RMC', 'CH', '', 60, 60, 60, 60, 60, 60, 60, 60, 60, 60, 60, 60, 60, 60),
	(323, 'MALIN', 'GUT', 'GUT', '2000-06-01', 'MC', 'CH', '', 60, 60, 60, 60, 60, 60, 60, 60, 60, 60, 60, 60, 60, 60),
	(324, 'KATIE', 'MCCABE', 'MCCABE', '1995-09-21', 'LW', 'IE', '', 60, 60, 60, 60, 60, 60, 60, 60, 60, 60, 60, 60, 60, 60),
	(325, 'HERMIONE', 'CULL', 'CULL', '2004-03-10', 'GK', 'GB', '', 60, 60, 60, 60, 60, 60, 60, 60, 60, 60, 60, 60, 60, 60),
	(326, 'GEMMA', 'FONT OLIVERAS', 'FONT', '1999-10-23', 'GK', 'ES', '', 60, 60, 60, 60, 60, 60, 60, 60, 60, 60, 60, 60, 60, 60),
	(327, 'MERITXELL', 'MUÑOZ ALSINA', 'MERI MUÑOZ', '2003-06-18', 'GK', 'ES', '', 60, 60, 60, 60, 60, 60, 60, 60, 60, 60, 60, 60, 60, 60),
	(328, 'ARIADNA', 'MINGUEZA GARCÍA', 'A. MINGUEZA', '2003-03-22', 'MCD', 'ES', '', 60, 60, 60, 60, 60, 60, 60, 60, 60, 60, 60, 60, 60, 60),
	(329, 'MARÍA', 'MOLINA MOLERO', 'MOLINA', '2000-05-09', 'LCD', 'ES', '', 60, 60, 60, 60, 60, 60, 60, 60, 60, 60, 60, 60, 60, 60),
	(330, 'MARÍA', 'PÉREZ RABAZA', 'MARÍA PÉREZ', '2001-12-24', 'MC', 'ES', '', 60, 60, 60, 60, 60, 60, 60, 60, 60, 60, 60, 60, 60, 60),
	(331, 'BABETT', 'PETER', 'PETER', '1988-05-12', 'LCD', 'DE', '', 60, 60, 60, 60, 60, 60, 60, 60, 60, 60, 60, 60, 60, 60),
	(332, 'MAITE', 'OROZ ARETA', 'M. OROZ', '1998-03-25', 'MC', 'ES', '', 60, 60, 60, 60, 60, 60, 60, 60, 60, 60, 60, 60, 60, 60),
	(333, 'LORENA', 'NAVARRO DOMÍNGUEZ', 'LORENA', '2000-11-11', 'FW', 'ES', '', 60, 60, 60, 60, 60, 60, 60, 60, 60, 60, 60, 60, 60, 60),
	(334, 'CLAUDIA', 'FLORENTINO VIVÓ', 'CLAUDIA F.', '1998-03-10', 'RMC', 'ES', '', 60, 60, 60, 60, 60, 60, 60, 60, 60, 60, 60, 60, 60, 60),
	(335, 'CAROLINE', 'MØLLER HANSEN', 'MØLLER', '1998-12-19', 'FW', 'DK', '', 60, 60, 60, 60, 60, 60, 60, 60, 60, 60, 60, 60, 60, 60),
	(336, 'LUCÍA', 'RODRÍGUEZ HERRERO', 'LUCÍA', '1999-05-24', 'LD', 'ES', '', 60, 60, 60, 60, 60, 60, 60, 60, 60, 60, 60, 60, 60, 60),
	(337, 'ROCÍO', 'GÁLVEZ LUNA', 'ROCÍO', '1997-04-15', 'RD', 'ES', '', 60, 60, 60, 60, 60, 60, 60, 60, 60, 60, 60, 60, 60, 60),
	(339, 'MÉLINE', 'GÉRARD', 'GÉRARD', '1990-05-30', 'GK', 'FR', '', 60, 60, 60, 60, 60, 60, 60, 60, 60, 60, 60, 60, 60, 60),
	(340, 'SOFÍA', 'FUENTE ANDRÉS', 'SOFÍA', '2005-03-14', 'GK', 'ES', '', 60, 60, 60, 60, 60, 60, 60, 60, 60, 60, 60, 60, 60, 60),
	(341, 'PAULA', 'PARTIDO DURÁN', 'PAULA PARTIDO', '2005-03-02', 'FW', 'ES', '', 60, 60, 60, 60, 60, 60, 60, 60, 60, 60, 60, 60, 60, 60),
	(342, 'DANA', 'BENÍTEZ OTERO', 'DANA', '2004-04-23', 'MC', 'ES', '', 60, 60, 60, 60, 60, 60, 60, 60, 60, 60, 60, 60, 60, 60),
	(343, 'BÉNÉDICTE', 'SIMON', 'B. SIMON', '1997-06-02', 'RD', 'FR', '', 60, 60, 60, 60, 60, 60, 60, 60, 60, 60, 60, 60, 60, 60),
	(344, 'MAITANE', 'LÓPEZ MILLÁN', 'MAITANE', '1995-03-13', 'RMC', 'ES', '', 60, 60, 60, 60, 60, 60, 60, 60, 60, 60, 60, 60, 60, 60),
	(345, 'LUDMILA', 'DA SILVA', 'LUDMILA', '1994-12-01', 'FW', 'BR', '', 60, 60, 60, 60, 60, 60, 60, 60, 60, 60, 60, 60, 60, 60),
	(346, 'AMANDA', 'FRISBIE', 'FRISBIE', '1992-05-29', 'LCD', 'US', '', 60, 60, 60, 60, 60, 60, 60, 60, 60, 60, 60, 60, 60, 60),
	(347, 'SILVIA', 'MESEGUER BELLIDO', 'MESEGUER', '1989-03-13', 'RMC', 'ES', '', 60, 60, 60, 60, 60, 60, 60, 60, 60, 60, 60, 60, 60, 60),
	(348, 'RASHEEDAT', 'AJIBADE', 'AJIBADE', '1999-12-08', 'FW', 'NG', '', 60, 60, 60, 60, 60, 60, 60, 60, 60, 60, 60, 60, 60, 60),
	(349, 'BÁRBARA', 'LATORRE VIÑALS', 'BÁRBARA', '1993-03-14', 'RW', 'ES', '', 60, 60, 60, 60, 60, 60, 60, 60, 60, 60, 60, 60, 60, 60),
	(350, 'THEMBI', 'KGATLANA', 'KGATLANA', '1996-05-02', 'FW', 'ZA', '', 60, 60, 60, 60, 60, 60, 60, 60, 60, 60, 60, 60, 60, 60),
	(351, 'AÏSSATOU', 'TOUNKARA', 'TOUNKARA', '1995-03-16', 'LCD', 'FR', '', 60, 60, 60, 60, 60, 60, 60, 60, 60, 60, 60, 60, 60, 60),
	(352, 'CARMEN', 'ÁLVAREZ SÁNCHEZ', 'CARMEN A.', '2003-02-24', 'FW', 'ES', '', 60, 60, 60, 60, 60, 60, 60, 60, 60, 60, 60, 60, 60, 60),
	(353, 'SHEILA', 'GARCÍA GÓMEZ', 'SHEI', '1997-03-15', 'LW', 'ES', '', 60, 60, 60, 60, 60, 60, 60, 60, 60, 60, 60, 60, 60, 60),
	(354, 'ESTEFANÍA ROMINA', 'BANINI RUIZ', 'BANINI', '1990-06-21', 'MC', 'AR', '', 60, 60, 60, 60, 60, 60, 60, 60, 60, 60, 60, 60, 60, 60),
	(355, 'CLAUDIA', 'IGLESIAS DE LA CRUZ', 'BICHO', '2003-08-30', 'MC', 'ES', '', 60, 60, 60, 60, 60, 60, 60, 60, 60, 60, 60, 60, 60, 60),
	(356, 'PAULA', 'VIZOSO PRIETO', 'P. VIZOSO', '2000-02-17', 'GK', 'ES', '', 60, 60, 60, 60, 60, 60, 60, 60, 60, 60, 60, 60, 60, 60),
	(357, 'LAURA', 'BENKARTH', 'BENKARTH', '1992-10-14', 'GK', 'DE', '', 60, 60, 60, 60, 60, 60, 60, 60, 60, 60, 60, 60, 60, 60),
	(358, 'KRISTIN', 'DEMANN', 'DEMANN', '1993-04-07', 'LCD', 'DE', '', 60, 60, 60, 60, 60, 60, 60, 60, 60, 60, 60, 60, 60, 60),
	(359, 'LINETH', 'BEERENSTEYN', 'BEERENSTEYN', '1996-10-11', 'MCO', 'NL', '', 60, 60, 60, 60, 60, 60, 60, 60, 60, 60, 60, 60, 60, 60),
	(360, 'MAXIMILIANE', 'RALL', 'RALL', '1993-11-18', 'RMC', 'DE', '', 60, 60, 60, 60, 60, 60, 60, 60, 60, 60, 60, 60, 60, 60),
	(361, 'JOVANA', 'DAMNJANOVIC', 'DAMNJANOVIC', '1994-11-24', 'FW', 'RS', '', 60, 60, 60, 60, 60, 60, 60, 60, 60, 60, 60, 60, 60, 60),
	(362, 'LINDA', 'DALLMANN', 'DALLMANN', '1994-09-02', 'MCO', 'DE', '', 60, 60, 60, 60, 60, 60, 60, 60, 60, 60, 60, 60, 60, 60),
	(363, 'LEA', 'SCHÜLLER', 'SCHÜLLER', '1997-11-12', 'FW', 'DE', NULL, 60, 60, 60, 60, 60, 60, 60, 60, 60, 60, 60, 60, 60, 60),
	(364, 'SIDNEY', 'LOHMANN', 'LOHMANN', '2000-06-19', 'MC', 'DE', '', 60, 60, 60, 60, 60, 60, 60, 60, 60, 60, 60, 60, 60, 60),
	(365, 'GLÓDÍS PERLA', 'VIGGÓSDÓTTIR', 'VIGGÓSDÓTTIR', '1995-06-27', 'LCD', 'IS', '', 60, 60, 60, 60, 60, 60, 60, 60, 60, 60, 60, 60, 60, 60),
	(366, 'IVANA', 'RUDELIC', 'RUDELIC', '1992-01-25', 'FW', 'HR', '', 60, 60, 60, 60, 60, 60, 60, 60, 60, 60, 60, 60, 60, 60),
	(367, 'KLARA', 'BÜHL', 'BÜHL', '2000-12-07', 'MC', 'DE', '', 60, 60, 60, 60, 60, 60, 60, 60, 60, 60, 60, 60, 60, 60),
	(368, 'VIVIANE MARIE-LOUISE BLANCHE', 'ASSEYI', 'ASSEYI', '1993-11-20', 'RMC', 'FR', '', 60, 60, 60, 60, 60, 60, 60, 60, 60, 60, 60, 60, 60, 60),
	(369, 'CARINA', 'WENNINGER', 'WENNINGER', '1991-02-06', 'RCD', 'AT', '', 60, 60, 60, 60, 60, 60, 60, 60, 60, 60, 60, 60, 60, 60),
	(370, 'MARIA LUISA', 'GROHS', 'GROHS', '2001-06-13', 'GK', 'DE', '', 60, 60, 60, 60, 60, 60, 60, 60, 60, 60, 60, 60, 60, 60),
	(371, 'KARÓLÍNA LEA', 'VILHJÁLMSDÓTTIR', 'VILHJÁLMSDÓTTIR', '2001-08-08', 'MC', 'IS', '', 60, 60, 60, 60, 60, 60, 60, 60, 60, 60, 60, 60, 60, 60),
	(372, 'SARAH', 'ZADRAZIL', 'ZADRAZIL', '1993-02-19', 'MC', 'AT', '', 60, 60, 60, 60, 60, 60, 60, 60, 60, 60, 60, 60, 60, 60),
	(373, 'MARINA', 'HEGERING', 'HEGERING', '1990-04-17', 'MCD', 'DE', '', 60, 60, 60, 60, 60, 60, 60, 60, 60, 60, 60, 60, 60, 60),
	(374, 'CAROLIN', 'SIMON', 'SIMON', '1992-11-24', 'LCD', 'DE', '', 60, 60, 60, 60, 60, 60, 60, 60, 60, 60, 60, 60, 60, 60),
	(375, 'JANINA', 'LEITZIG', 'LEITZIG', '1999-04-16', 'GK', 'DE', '', 60, 60, 60, 60, 60, 60, 60, 60, 60, 60, 60, 60, 60, 60),
	(376, 'ALMUTH', 'SCHULT', 'SCHULT', '1991-02-09', 'GK', 'DE', '', 60, 60, 60, 60, 60, 60, 60, 60, 60, 60, 60, 60, 60, 60),
	(377, 'LYNN ANKE HANNIE', 'WILMS', 'WILMS', '2000-10-03', 'LCD', 'NL', '', 60, 60, 60, 60, 60, 60, 60, 60, 60, 60, 60, 60, 60, 60),
	(378, 'KATHRIN', 'HENDRICH', 'HENDRICH', '1992-04-06', 'RCD', 'DE', '', 60, 60, 60, 60, 60, 60, 60, 60, 60, 60, 60, 60, 60, 60),
	(379, 'ANNA', ' BLÄSSE', ' BLÄSSE', '1987-02-27', 'FW', 'DE', '', 60, 60, 60, 60, 60, 60, 60, 60, 60, 60, 60, 60, 60, 60),
	(380, 'FELICITAS', 'RAUCH', 'RAUCH', '1996-04-30', 'MCD', 'DE', '', 60, 60, 60, 60, 60, 60, 60, 60, 60, 60, 60, 60, 60, 60),
	(381, 'PAULINE-MARIE ', 'BREMER', 'BREMER', '1996-04-10', 'FW', 'DE', '', 60, 60, 60, 60, 60, 60, 60, 60, 60, 60, 60, 60, 60, 60),
	(382, 'LENA ', 'LATTWEIN', 'LATTWEIN', '2000-05-02', 'MC', 'DE', '', 60, 60, 60, 60, 60, 60, 60, 60, 60, 60, 60, 60, 60, 60),
	(383, 'JULIA', 'KASSEN', 'KASSEN', '2002-05-17', 'GK', 'DE', NULL, 60, 60, 60, 60, 60, 60, 60, 60, 60, 60, 60, 60, 60, 60),
	(384, 'SANDRA', 'STARKE', 'STARKE', '1993-07-31', 'MCO', 'DE', '', 60, 60, 60, 60, 60, 60, 60, 60, 60, 60, 60, 60, 60, 60),
	(385, 'JOELLE', 'SMITS', 'SMITS', '2000-02-07', 'FW', 'NL', '', 60, 60, 60, 60, 60, 60, 60, 60, 60, 60, 60, 60, 60, 60),
	(386, 'PIA-SOPHIE', 'WOLTER', 'WOLTER', '1997-11-13', 'LW', 'DE', '', 60, 60, 60, 60, 60, 60, 60, 60, 60, 60, 60, 60, 60, 60),
	(387, 'REBECKA MARIA', 'BLOMQVIST', 'BLOMQVIST', '1997-07-24', 'FW', 'SE', '', 60, 60, 60, 60, 60, 60, 60, 60, 60, 60, 60, 60, 60, 60),
	(388, 'SARA', 'DOORSOUN', 'DOORSOUN', '1991-11-17', 'MCD', 'DE', '', 60, 60, 60, 60, 60, 60, 60, 60, 60, 60, 60, 60, 60, 60),
	(389, 'JOELLE', 'WEDEMEYER', 'WEDEMEYER', '1996-08-12', 'RCD', 'DE', '', 60, 60, 60, 60, 60, 60, 60, 60, 60, 60, 60, 60, 60, 60),
	(390, 'TABEA', 'WASSMUTH', 'WASSMUTH', '1996-08-25', 'RW', 'DE', '', 60, 60, 60, 60, 60, 60, 60, 60, 60, 60, 60, 60, 60, 60),
	(391, 'LISA', 'WEISS', 'WEISS', '1987-10-29', 'GK', 'DE', '', 60, 60, 60, 60, 60, 60, 60, 60, 60, 60, 60, 60, 60, 60),
	(392, 'KATARZYNA', 'KIEDRZYNEK', 'KIEDRZYNEK', '1991-03-19', 'GK', 'PL', '', 60, 60, 60, 60, 60, 60, 60, 60, 60, 60, 60, 60, 60, 60),
	(393, 'LOTTA', 'CORDES', 'CORDES', '2001-04-27', 'LMC', 'DE', '', 60, 60, 60, 60, 60, 60, 60, 60, 60, 60, 60, 60, 60, 60),
	(394, 'TURID', 'KNAAK', 'KNAAK', '1991-01-24', 'RW', 'DE', '', 60, 60, 60, 60, 60, 60, 60, 60, 60, 60, 60, 60, 60, 60),
	(395, 'GEYSE', 'FERREIRA', 'GEYSE', '1998-03-27', 'FW', 'BR', '', 80, 80, 65, 70, 80, 80, 70, 75, 65, 85, 85, 60, 60, 40),
	(396, 'SALMA CELESTE', 'PARALLUELO AYINGONO', 'SALMA', '2003-11-13', 'LW', 'ES', '', 95, 80, 40, 45, 75, 75, 70, 75, 75, 75, 70, 50, 75, 30),
	(397, 'TRINITY', 'RODMAN', 'RODMAN', '2002-05-20', 'FW', 'US', '', 80, 90, 70, 70, 85, 85, 85, 75, 80, 90, 80, 60, 60, 50);
/*!40000 ALTER TABLE `players` ENABLE KEYS */;

-- Volcando estructura para tabla futfem.players_temp
CREATE TABLE IF NOT EXISTS `players_temp` (
  `id` bigint(20) unsigned NOT NULL AUTO_INCREMENT,
  `name` varchar(50) NOT NULL,
  `surname` varchar(50) NOT NULL,
  `nickname` varchar(50) DEFAULT NULL,
  `birthdate` date DEFAULT NULL,
  `position` varchar(20) DEFAULT NULL,
  `country` varchar(50) DEFAULT NULL,
  `urlpic` varchar(200) DEFAULT NULL,
  `velocidad` int(2) DEFAULT NULL,
  `resistencia` int(2) DEFAULT NULL,
  `defaerea` int(2) DEFAULT NULL,
  `defestrategia` int(2) DEFAULT NULL,
  `defagresividad` int(2) DEFAULT NULL,
  `defanticipacion` int(2) DEFAULT NULL,
  `visionjuego` int(2) DEFAULT NULL,
  `ataqueaereo` int(2) DEFAULT NULL,
  `ataquepases` int(2) DEFAULT NULL,
  `ataqueremate` int(2) DEFAULT NULL,
  `ataqueregate` int(2) DEFAULT NULL,
  `ataquefaltas` int(2) DEFAULT NULL,
  `ataquepenaltys` int(2) DEFAULT NULL,
  `portero` int(2) DEFAULT NULL,
  KEY `Índice 1` (`id`) USING BTREE
) ENGINE=InnoDB AUTO_INCREMENT=398 DEFAULT CHARSET=latin1 ROW_FORMAT=DYNAMIC;

-- Volcando datos para la tabla futfem.players_temp: ~336 rows (aproximadamente)
/*!40000 ALTER TABLE `players_temp` DISABLE KEYS */;
INSERT INTO `players_temp` (`id`, `name`, `surname`, `nickname`, `birthdate`, `position`, `country`, `urlpic`, `velocidad`, `resistencia`, `defaerea`, `defestrategia`, `defagresividad`, `defanticipacion`, `visionjuego`, `ataqueaereo`, `ataquepases`, `ataqueremate`, `ataqueregate`, `ataquefaltas`, `ataquepenaltys`, `portero`) VALUES
	(1, 'ANDREA', 'SÁNCHEZ FALCÓN', 'FALCÓN', '1997-02-20', 'LD', 'ES', NULL, 85, 85, 60, 75, 75, 80, 80, 60, 85, 80, 80, 60, 70, 50),
	(2, 'LIEKE ELISABETH PETRONELLA', 'MARTENS', 'MARTENS', '1992-12-16', 'LW', 'NL', 'NOIMAGE', 85, 80, 50, 60, 70, 80, 87, 87, 83, 88, 85, 70, 85, 50),
	(3, 'AITANA', 'BONMATÍ I CONCA', 'AITANA', '1998-01-18', 'RMC', 'ES', 'NOIMAGE', 80, 85, 60, 75, 85, 80, 90, 75, 90, 85, 80, 75, 90, 30),
	(5, 'SAMANTHA MAY', 'KERR', 'KERR', '1993-09-10', 'FW', 'AU', NULL, 60, 60, 60, 60, 60, 60, 60, 60, 60, 60, 60, 60, 60, 50),
	(6, 'ALEXIA', 'PUTELLAS SEGURA', 'ALEXIA', '1994-02-04', 'LMC', 'ES', NULL, 60, 60, 60, 60, 60, 60, 60, 60, 60, 60, 60, 60, 60, 50),
	(7, 'PATRICIA', 'GUIJARRO GUTIERREZ', 'PATRI', '1998-05-17', 'MCD', 'ES', NULL, 60, 60, 60, 60, 60, 60, 60, 60, 60, 60, 60, 60, 60, 50),
	(8, 'INGRID SYRSTAD', 'ENGEN', 'ENGEN', '1998-04-29', 'MC', 'NO', NULL, 60, 60, 60, 60, 60, 60, 60, 60, 60, 60, 60, 60, 60, 50),
	(9, 'DANIELLE', 'VAN DE DONK', 'VAN DE DONK', '1991-08-05', 'MC', 'NL', NULL, 60, 60, 60, 60, 60, 60, 60, 60, 60, 60, 60, 60, 60, 50),
	(10, 'TOBIN', 'HEATH', 'HEATH', '1988-05-29', 'RW', 'US', NULL, 60, 60, 60, 60, 60, 60, 60, 60, 60, 60, 60, 60, 60, 50),
	(12, 'MARIA VICTORIA', 'LOSADA GOMEZ', 'LOSADA', '1991-03-05', 'MC', 'ES', NULL, 60, 60, 60, 60, 60, 60, 60, 60, 60, 60, 60, 60, 60, 50),
	(13, 'PERNILLE', 'HARDER', 'HARDER', '1992-11-15', 'FW', 'DK', NULL, 60, 60, 60, 60, 60, 60, 60, 60, 60, 60, 60, 60, 60, 50),
	(14, 'FRANCESCA', 'KIRBY', 'KIRBY', '1993-06-29', 'FW', 'GB', NULL, 60, 60, 60, 60, 60, 60, 60, 60, 60, 60, 60, 60, 60, 50),
	(15, 'SARI', 'VAN VEENENDAAL ', 'VAN VEENENDAAL', '1990-04-03', 'GK', 'NL', NULL, 60, 60, 60, 60, 60, 60, 60, 60, 60, 60, 60, 60, 60, 50),
	(16, 'LAUREN MAY', 'HEMP ', 'HEMP', '2000-08-07', 'FW', 'EN', NULL, 60, 60, 60, 60, 60, 60, 60, 60, 60, 60, 60, 60, 60, 50),
	(17, 'LAIA', 'ALEXANDRI LOPEZ ', 'ALEXANDRI', '2000-08-25', 'LD', 'ES', NULL, 60, 60, 60, 60, 60, 60, 60, 60, 60, 60, 60, 60, 60, 50),
	(18, 'JANA', 'FERNANDEZ VELASCO ', 'JANA', '2002-02-18', 'RCD', 'ES', NULL, 60, 60, 60, 60, 60, 60, 60, 60, 60, 60, 60, 60, 60, 50),
	(19, 'ROSEMARY KATHLEEN', 'LAVELLE ', 'LAVELLE', '1995-05-14', 'MC', 'US', NULL, 60, 60, 60, 60, 60, 60, 60, 60, 60, 60, 60, 60, 60, 50),
	(20, 'CLAUDIA CRISTHIANE', 'ENDLER MARTINELLI ', 'ENDLER', '1991-07-23', 'GK', 'CL', NULL, 80, 80, 85, 80, 75, 85, 80, 60, 70, 60, 60, 60, 70, 90),
	(22, 'KATTY', 'MARTINEZ ABAD ', 'MARTINEZ', '1998-03-14', 'FW', 'MX', NULL, 60, 60, 60, 60, 60, 60, 60, 60, 60, 60, 60, 60, 60, 50),
	(23, 'KELLEY', ' OHARA', 'OHARA', '1988-08-04', 'RD', 'US', NULL, 60, 60, 60, 60, 60, 60, 60, 60, 60, 60, 60, 60, 60, 50),
	(24, 'AMANDINE', ' HENRY', 'HENRY', '1989-09-28', 'MC', 'FR', NULL, 60, 60, 60, 60, 60, 60, 60, 60, 60, 60, 60, 60, 60, 50),
	(25, 'MARIA PILAR', ' LEON CEBRIAN', 'MARIA LEON', '1995-06-13', 'LCD', 'ES', NULL, 60, 60, 60, 60, 60, 60, 60, 60, 60, 60, 60, 60, 60, 50),
	(26, 'SAKI', 'KUMAGAI', 'KUMAGAI', '1990-10-17', 'MCD', 'JP', NULL, 60, 60, 60, 60, 60, 60, 60, 60, 60, 60, 60, 60, 60, 50),
	(27, 'MAGDALENA LILLY', 'ERIKSSON', 'ERIKSSON', '1993-09-08', 'RCD', 'SE', NULL, 60, 60, 60, 60, 60, 60, 60, 60, 60, 60, 60, 60, 60, 50),
	(28, 'ALYSSA', 'NAEHER', 'NAEHER', '1988-04-20', 'GK', 'US', NULL, 60, 60, 60, 60, 60, 60, 60, 60, 60, 60, 60, 60, 60, 50),
	(29, 'KHEIRA', 'HAMRAOUI', 'HAMRAOUI', '1990-01-13', 'MC', 'FR', NULL, 60, 60, 60, 60, 60, 60, 60, 60, 60, 60, 60, 60, 60, 50),
	(30, 'IRENE', 'PAREDES HERNÁNDEZ', 'PAREDES', '1991-07-04', 'RCD', 'ES', NULL, 60, 60, 60, 60, 60, 60, 60, 60, 60, 60, 60, 60, 60, 50),
	(31, 'NIKKITA JOSEPHINE', 'PARRIS', 'PARRIS', '1994-03-10', 'FW', 'GB', NULL, 60, 60, 60, 60, 60, 60, 60, 60, 60, 60, 60, 60, 60, 50),
	(11, 'KADIDIATOU', 'DIANI', 'DIANI', '1995-04-01', 'FW', 'FR', NULL, 60, 60, 60, 60, 60, 60, 60, 60, 60, 60, 60, 60, 60, 50),
	(60, 'SHERIDA', 'SPITSE', 'SPITSE', '1990-05-29', 'MC', 'NL', NULL, 60, 60, 60, 60, 60, 60, 60, 60, 60, 60, 60, 60, 60, 50),
	(61, 'MANA', 'IWABUCHI', 'IWABUCHI', '1993-03-18', 'FW', 'JP', NULL, 60, 60, 60, 60, 60, 60, 60, 60, 60, 60, 60, 60, 60, 50),
	(62, 'LEICY MARIA', 'SANTOS HERRERA', 'SANTOS', '1996-05-16', 'MC', 'MX', NULL, 60, 60, 60, 60, 60, 60, 60, 60, 60, 60, 60, 60, 60, 50),
	(63, 'MAREN', 'MJELDE', 'MJELDE', '1989-11-06', 'RD', 'NO', NULL, 60, 60, 60, 60, 60, 60, 60, 60, 60, 60, 60, 60, 60, 50),
	(64, 'ANDREA', 'PEREIRA CEJUDO', 'PEREIRA', '1993-09-19', 'RCD', 'ES', NULL, 60, 60, 60, 60, 60, 60, 60, 60, 60, 60, 60, 60, 60, 50),
	(67, 'DOLORES', 'GALLARDO NUÑEZ', 'L. GALLARDO', '1993-06-10', 'GK', 'ES', NULL, 60, 60, 60, 60, 60, 60, 60, 60, 60, 60, 60, 60, 60, 50),
	(68, 'JODIE', 'TAYLOR', 'TAYLOR', '1986-05-17', 'FW', 'EN', NULL, 60, 60, 60, 60, 60, 60, 60, 60, 60, 60, 60, 60, 60, 50),
	(69, 'KYLIE ALLYSSA', 'STROM', 'STROM', '1993-03-18', 'RD', 'US', NULL, 60, 60, 60, 60, 60, 60, 60, 60, 60, 60, 60, 60, 60, 50),
	(70, 'BRUNA', 'VILAMALA I COSTA', 'BRUNA', '2002-06-04', 'FW', 'ES', NULL, 60, 60, 60, 60, 60, 60, 60, 60, 60, 60, 60, 60, 60, 50),
	(71, 'MARTA', 'VIEIRA DA SILVA', 'MARTA SILVA', '1986-02-19', 'MC', 'BR', NULL, 60, 60, 60, 60, 60, 60, 60, 60, 60, 60, 60, 60, 60, 50),
	(72, 'LUCÍA', 'GARCIA CÓRDOBA', 'L. GARCIA', '1998-07-14', 'FW', 'ES', NULL, 60, 60, 60, 60, 60, 60, 60, 60, 60, 60, 60, 60, 60, 50),
	(73, 'LEILA', 'OUAHABI ELOUAHABI', 'LEILA', '1993-03-22', 'LD', 'ES', NULL, 60, 60, 60, 60, 60, 60, 60, 60, 60, 60, 60, 60, 60, 50),
	(74, 'ELLEN TONI', 'WHITE', 'WHITE', '1989-05-09', 'FW', 'EN', NULL, 60, 60, 60, 60, 60, 60, 60, 60, 60, 60, 60, 60, 60, 50),
	(75, 'MILLIE', 'BRIGHT', 'BRIGHT', '1993-08-21', 'RCD', 'EN', NULL, 60, 60, 60, 60, 60, 60, 60, 60, 60, 60, 60, 60, 60, 50),
	(76, 'LUCY ROBERTS TOUGH', 'BRONZE', 'BRONZE', '1991-10-28', 'LCD', 'EN', NULL, 60, 60, 60, 60, 60, 60, 60, 60, 60, 60, 60, 60, 60, 50),
	(77, 'STINA', 'BLACKSTENIUS', 'BLACKSTENIUS', '1996-02-05', 'FW', 'SE', NULL, 60, 60, 60, 60, 60, 60, 60, 60, 60, 60, 60, 60, 60, 50),
	(78, 'SOFIA', 'JAKOBSON', 'JAKOBSSON', '1990-04-23', 'RW', 'SE', NULL, 60, 60, 60, 60, 60, 60, 60, 60, 60, 60, 60, 60, 60, 50),
	(79, 'FRIDOLINA', 'ROLFÖ', 'ROLFÖ', '1993-11-24', 'LW', 'SE', NULL, 60, 60, 60, 60, 60, 60, 60, 60, 60, 60, 60, 60, 60, 50),
	(80, 'MALLORY DIANE', 'PUGH', 'PUGH', '1998-04-29', 'RW', 'US', NULL, 60, 60, 60, 60, 60, 60, 60, 60, 60, 60, 60, 60, 60, 50),
	(81, 'GIOVANNA', 'QUEIROZ COSTA', 'GIO', '2003-06-21', 'FW', 'BR', NULL, 60, 60, 60, 60, 60, 60, 60, 60, 60, 60, 60, 60, 60, 50),
	(82, 'TAMEKA', 'BUTT', 'YALLOP', '1991-06-16', 'MC', 'AU', NULL, 60, 60, 60, 60, 60, 60, 60, 60, 60, 60, 60, 60, 60, 50),
	(83, 'RUT HEDVIG', 'LINDAHL', 'LINDAHL', '1986-04-29', 'GK', 'SE', NULL, 60, 60, 60, 60, 60, 60, 60, 60, 60, 60, 60, 60, 60, 50),
	(84, 'CRISTINE', 'SINCLAIRE', 'SINCLAIRE', '1983-06-12', 'FW', 'CA', NULL, 60, 60, 60, 60, 60, 60, 60, 60, 60, 60, 60, 60, 60, 50),
	(85, 'ONEMA GRACE', 'GEYORO', 'GEYORO', '1997-07-02', 'MC', 'FR', NULL, 60, 60, 60, 60, 60, 60, 60, 60, 60, 60, 60, 60, 60, 50),
	(86, 'JORDYN PAMELA', 'HUITEMA', 'HUITEMA', '2001-05-08', 'FW', 'CA', NULL, 60, 60, 60, 60, 60, 60, 60, 60, 60, 60, 60, 60, 60, 50),
	(87, 'EMMA', 'BYRNE', 'BYRNE', '1979-06-14', 'GK', 'GB', NULL, 60, 60, 60, 60, 60, 60, 60, 60, 60, 60, 60, 60, 60, 50),
	(88, 'SHANICE', 'VAN DE SANDEN', 'VAN DE SANDEN', '1992-10-02', 'RW', 'NL', NULL, 60, 60, 60, 60, 60, 60, 60, 60, 60, 60, 60, 60, 60, 50),
	(92, 'SAKINA', 'KARCHAOUI', 'KARCHAOUI', '1996-01-26', 'LD', 'FR', NULL, 60, 60, 60, 60, 60, 60, 60, 60, 60, 60, 60, 60, 60, 50),
	(93, 'DELPHINE', 'CASCARINO', 'CASCARINO', '1997-02-05', 'MC', 'FR', NULL, 60, 60, 60, 60, 60, 60, 60, 60, 60, 60, 60, 60, 60, 50),
	(96, 'ALEXANDRA', 'POPP', 'POPP', '1991-04-06', 'FW', 'DE', NULL, 60, 60, 60, 60, 60, 60, 60, 60, 60, 60, 60, 60, 60, 50),
	(97, 'LINA MARIA', 'MAGULL', 'MAGULL', '1994-08-15', 'MC', 'DE', NULL, 60, 60, 60, 60, 60, 60, 60, 60, 60, 60, 60, 60, 60, 50),
	(99, 'HANNA ERICA MARIA', 'GLAS', 'GLAS', '1996-04-16', 'LD', 'SE', NULL, 60, 60, 60, 60, 60, 60, 60, 60, 60, 60, 60, 60, 60, 50),
	(100, 'SARAH', 'BOUHADDI', 'BOUHADDI', '1986-10-17', 'GK', 'FR', NULL, 60, 60, 60, 60, 60, 60, 60, 60, 60, 60, 60, 60, 60, 50),
	(101, 'ADA MARTINE STOLMO', 'HEGERBERG', 'HEGERBERG', '1995-07-10', 'FW', 'NO', NULL, 60, 60, 60, 60, 60, 60, 60, 60, 60, 60, 60, 60, 60, 50),
	(102, 'CAROLINE GRAHAM', 'HANSEN', 'GRAHAM', '1995-02-18', 'RW', 'NO', NULL, 85, 75, 65, 55, 65, 75, 85, 75, 90, 85, 95, 75, 85, 35),
	(103, 'JENNIFER', 'HERMOSO FUENTES', 'J. HERMOSO', '1990-05-09', 'FW', 'ES', NULL, 60, 60, 60, 60, 60, 60, 60, 60, 60, 60, 60, 60, 60, 50),
	(104, 'JULIE', 'JONHSTON', 'ERTZ', '1996-04-06', 'LCD', 'US', NULL, 60, 60, 60, 60, 60, 60, 60, 60, 60, 60, 60, 60, 60, 50),
	(105, 'JORDAN', 'NOBBS', 'NOBBS', '1992-12-08', 'MC', 'EN', NULL, 60, 60, 60, 60, 60, 60, 60, 60, 60, 60, 60, 60, 60, 50),
	(106, 'JILL JAMIE', 'ROORD', 'ROORD', '1997-04-22', 'LW', 'NL', NULL, 60, 60, 60, 60, 60, 60, 60, 60, 60, 60, 60, 60, 60, 50),
	(107, 'ANNA MARGARETHA MARINA ASTRID', 'MIEDEMA', 'MIEDEMA', '1996-07-15', 'FW', 'NL', NULL, 60, 60, 60, 60, 60, 60, 60, 60, 60, 60, 60, 60, 60, 50),
	(108, 'NICOLE', 'BILLA', 'BILLA', '1996-03-05', 'FW', 'AT', NULL, 60, 60, 60, 60, 60, 60, 60, 60, 60, 60, 60, 60, 60, 50),
	(109, 'LENA SOPHIE', 'OBERDORF', 'OBERDORF', '2001-12-19', 'RCD', 'DE', NULL, 60, 60, 60, 60, 60, 60, 60, 60, 60, 60, 60, 60, 60, 50),
	(110, 'EWA', 'PAJOR', 'PAJOR', '1996-12-03', 'FW', 'PL', NULL, 60, 60, 60, 60, 60, 60, 60, 60, 60, 60, 60, 60, 60, 50),
	(111, 'WENDIE', 'RENARD', 'RENARD', '1990-07-20', 'RCD', 'FR', NULL, 60, 60, 60, 60, 60, 60, 60, 60, 60, 60, 60, 60, 60, 50),
	(112, 'DZSENIFER', 'MAROZSÁN', 'MAROZSÁN', '1992-04-18', 'MC', 'DE', NULL, 60, 60, 60, 60, 60, 60, 60, 60, 60, 60, 60, 60, 60, 50),
	(113, 'JACKIE', 'GROENEN', 'GROENEN', '1994-12-17', 'MC', 'NL', NULL, 60, 60, 60, 60, 60, 60, 60, 60, 60, 60, 60, 60, 60, 50),
	(114, 'MARTA', 'TORREJON I MOYA', 'MARTA', '1990-02-27', 'RD', 'ES', NULL, 60, 60, 60, 60, 60, 60, 60, 60, 60, 60, 60, 60, 60, 50),
	(115, 'ANA MARIA', 'CRNOGOCEVIC', 'CRNOGOCEVIC', '1990-10-03', 'RW', 'CH', NULL, 60, 60, 60, 60, 60, 60, 60, 60, 60, 60, 60, 60, 60, 50),
	(116, 'LEAH CATHRIN', 'WILLIAMSON', 'WILLIAMSON', '1997-03-29', 'RCD', 'EN', NULL, 60, 60, 60, 60, 60, 60, 60, 60, 60, 60, 60, 60, 60, 50),
	(117, 'EUGÉNIE', 'LE SOMMER', 'LE SOMMER', '1989-05-18', 'FW', 'FR', NULL, 60, 60, 60, 60, 60, 60, 60, 60, 60, 60, 60, 60, 60, 50),
	(118, 'SANDRA', 'PAÑOS GARCIA VILLAMIL', 'PAÑOS', '1992-11-04', 'GK', 'ES', NULL, 60, 60, 60, 60, 60, 60, 60, 60, 60, 60, 60, 60, 60, 50),
	(119, 'ASISAT  LAMINA', 'OSHOALA', 'OSHOALA', '1994-10-09', 'FW', 'NG', NULL, 60, 60, 60, 60, 60, 60, 60, 60, 60, 60, 60, 60, 60, 50),
	(120, 'KOSOVARE', 'ASLLANI', 'ASLLANI', '1989-07-29', 'FW', 'SE', NULL, 60, 60, 60, 60, 60, 60, 60, 60, 60, 60, 60, 60, 60, 50),
	(121, 'AMEL', 'MAJRI', 'MAJRI', '1993-01-25', 'MC', 'FR', NULL, 60, 60, 60, 60, 60, 60, 60, 60, 60, 60, 60, 60, 60, 50),
	(122, 'SELMA', 'BACHA', 'BACHA', '2000-11-09', 'LD', 'FR', NULL, 60, 60, 60, 60, 60, 60, 60, 60, 60, 60, 60, 60, 60, 50),
	(123, 'DAMARIS BERTA', 'EGURROLA WIENKE', 'DAMARIS', '1999-08-26', 'MC', 'ES', NULL, 60, 60, 60, 60, 60, 60, 60, 60, 60, 60, 60, 60, 60, 50),
	(124, 'KADEISHA', 'BUCHANAN', 'BUCHANAN', '1995-11-05', 'RCD', 'CA', NULL, 60, 60, 60, 60, 60, 60, 60, 60, 60, 60, 60, 60, 60, 50),
	(125, 'MELANIE', 'SERRANO PÉREZ', 'MELANIE', '1989-10-12', 'LD', 'ES', NULL, 60, 60, 60, 60, 60, 60, 60, 60, 60, 60, 60, 60, 60, 50),
	(126, 'MARIONA', 'CALDENTEY OLIVER', 'MARIONA', '1996-03-19', 'LW', 'ES', NULL, 60, 60, 60, 60, 60, 60, 60, 60, 60, 60, 60, 60, 60, 50),
	(127, 'LAIA', 'CODINA I PANEDAS', 'L. CODINA', '2000-01-22', 'LCD', 'ES', NULL, 60, 60, 60, 60, 60, 60, 60, 60, 60, 60, 60, 60, 60, 50),
	(128, 'CATALINA', 'COLL LLUCH', 'CATA', '2001-04-23', 'GK', 'ES', NULL, 60, 60, 60, 60, 60, 60, 60, 60, 60, 60, 60, 60, 60, 50),
	(129, 'ESTHER', 'GONZALEZ RODRÍGUEZ', 'ESTHER', '1992-12-08', 'FW', 'ES', NULL, 60, 60, 60, 60, 60, 60, 60, 60, 60, 60, 60, 60, 60, 50),
	(130, 'MARTA', 'CARDONA MIGUEL', 'M. CARDONA', '1995-05-26', 'FW', 'ES', NULL, 60, 60, 60, 60, 60, 60, 60, 60, 60, 60, 60, 60, 60, 50),
	(131, 'VIRGINIA', 'TORRECILLA REYES', 'VIRGINIA', '1994-09-04', 'MC', 'ES', NULL, 60, 60, 60, 60, 60, 60, 60, 60, 60, 60, 60, 60, 60, 50),
	(132, 'ANGELA', 'SOSA MARTÍN', 'ANGELA SOSA', '1993-01-16', 'MC', 'ES', NULL, 60, 60, 60, 60, 60, 60, 60, 60, 60, 60, 60, 60, 60, 50),
	(133, 'CARMEN', 'MENAYO MONTERO', 'MENAYO', '1998-04-14', 'RCD', 'ES', NULL, 60, 60, 60, 60, 60, 60, 60, 60, 60, 60, 60, 60, 60, 50),
	(134, 'ADRIANNA NICOLE', 'FRANCH', 'FRANCH', '1990-11-12', 'GK', 'US', NULL, 60, 60, 60, 60, 60, 60, 60, 60, 60, 60, 60, 60, 60, 50),
	(135, 'ASHLYN', 'HARRIS', 'HARRIS', '1985-10-19', 'GK', 'US', NULL, 60, 60, 60, 60, 60, 60, 60, 60, 60, 60, 60, 60, 60, 50),
	(136, 'ALEXANDRA BLAIRE', 'KRIEGER', 'KRIEGER', '1984-07-28', 'RCD', 'US', NULL, 60, 60, 60, 60, 60, 60, 60, 60, 60, 60, 60, 60, 60, 50),
	(137, 'CHRISTEN ANNEMARIE', 'PRESS', 'PRESS', '1988-12-29', 'LW', 'US', NULL, 60, 60, 60, 60, 60, 60, 60, 60, 60, 60, 60, 60, 60, 50),
	(138, 'KRISTEN ANNE', 'MEWIS', 'K. MEWIS', '1991-02-25', 'MC', 'US', NULL, 60, 60, 60, 60, 60, 60, 60, 60, 60, 60, 60, 60, 60, 50),
	(139, 'KAREN', 'BARDSLEY', 'BARDSLEY', '1984-10-14', 'GK', 'EN', NULL, 60, 60, 60, 60, 60, 60, 60, 60, 60, 60, 60, 60, 60, 50),
	(140, 'AYA', 'SAMESHIMA', 'SAMESHIMA', '1987-06-16', 'RD', 'JP', NULL, 60, 60, 60, 60, 60, 60, 60, 60, 60, 60, 60, 60, 60, 50),
	(141, 'STEFANIE', 'VAN DER GRAGT', 'VAN DER GRAGT', '1992-08-16', 'LCD', 'NL', NULL, 60, 60, 60, 60, 60, 60, 60, 60, 60, 60, 60, 60, 60, 50),
	(145, 'AMANDA', 'SAMPEDRO BUSTOS', 'A.SAMPEDRO', '1993-06-26', 'RW', 'ES', NULL, 60, 60, 60, 60, 60, 60, 60, 60, 60, 60, 60, 60, 60, 50),
	(148, 'KEIRA FAE', 'WALSH', 'WALSH', '1997-04-08', 'MC', 'EN', NULL, 60, 60, 60, 60, 60, 60, 60, 60, 60, 60, 60, 60, 60, 50),
	(151, 'IVANA', 'ANDRES SANZ', 'IVANA', '1994-07-13', 'LCD', 'ES', NULL, 60, 60, 60, 60, 60, 60, 60, 60, 60, 60, 60, 60, 60, 50),
	(152, 'SOFIE', 'SVAVA', 'SVAVA', '2000-08-11', 'LCD', 'DK', NULL, 60, 60, 60, 60, 60, 60, 60, 60, 60, 60, 60, 60, 60, 50),
	(153, 'GIULA RONJA', 'GWINN', 'GWINN', '1997-07-02', 'LW', 'DE', NULL, 60, 60, 60, 60, 60, 60, 60, 60, 60, 60, 60, 60, 60, 50),
	(154, 'NAHIKARI', 'GARCÍA PEREZ', 'NAHIKARI', '1997-03-10', 'FW', 'ES', NULL, 60, 60, 60, 60, 60, 60, 60, 60, 60, 60, 60, 60, 60, 50),
	(155, 'CLAUDIA', 'ZORNOZA SANCHEZ', 'ZORNOZA', '1990-10-20', 'MC', 'ES', NULL, 60, 60, 60, 60, 60, 60, 60, 60, 60, 60, 60, 60, 60, 50),
	(156, 'ESTEFANIA ROMINA', 'BANINI RUIZ', 'BANINI', '1990-06-21', 'MC', 'AR', NULL, 60, 60, 60, 60, 60, 60, 60, 60, 60, 60, 60, 60, 60, 50),
	(157, 'CRYSTAL ALYSSIA', 'DUNN', 'DUNN', '1992-07-03', 'LD', 'US', NULL, 60, 60, 60, 60, 60, 60, 60, 60, 60, 60, 60, 60, 60, 50),
	(158, 'ONA', 'BATLLE PASCUAL', 'BATLLE', '1999-06-10', 'RD', 'ES', NULL, 60, 60, 60, 60, 60, 60, 60, 60, 60, 60, 60, 60, 60, 50),
	(160, 'BETHANY JANE', 'MEAD', 'MEAD', '1995-05-09', 'RW', 'EN', NULL, 60, 60, 60, 60, 60, 60, 60, 60, 60, 60, 60, 60, 60, 50),
	(161, 'ALEX', 'GREENWOOD', 'GREENWOOD', '1993-09-07', 'LD', 'EN', NULL, 60, 60, 60, 60, 60, 60, 60, 60, 60, 60, 60, 60, 60, 50),
	(164, 'MARÍA ISABEL', 'RODRÍGUEZ RIVERO', 'MISA', '1999-07-22', 'GK', 'ES', NULL, 60, 60, 60, 60, 60, 60, 60, 60, 60, 60, 60, 60, 60, 50),
	(165, 'CAROLINE ELSPETH', 'LILLIAS WEIR', 'WEIR', '1995-06-20', 'MCO', 'GB', NULL, 60, 60, 60, 60, 60, 60, 60, 60, 60, 60, 60, 60, 60, 50),
	(166, 'DEMI LEE', 'COURTNEY STOKES', 'STOKES', '1991-12-12', 'LCD', 'EN', NULL, 60, 60, 60, 60, 60, 60, 60, 60, 60, 60, 60, 60, 60, 50),
	(167, 'MELANIE', 'LEUPOLZ', 'LEUPOLZ', '1994-04-14', 'MC', 'DE', NULL, 60, 60, 60, 60, 60, 60, 60, 60, 60, 60, 60, 60, 60, 50),
	(168, 'CLAUDIA', 'PINA MEDINA', 'PINA', '2001-08-12', 'FW', 'ES', NULL, 60, 60, 60, 60, 60, 60, 60, 60, 60, 60, 60, 60, 60, 50),
	(169, 'CANDELA', 'ANDUJAR JIMENEZ', 'ANDUJAR', '2000-03-26', 'FW', 'ES', NULL, 60, 60, 60, 60, 60, 60, 60, 60, 60, 60, 60, 60, 60, 50),
	(170, 'ALEXANDRA PATRICIA', 'MORGAN', 'MORGAN', '1989-07-02', 'FW', 'US', NULL, 60, 60, 60, 60, 60, 60, 60, 60, 60, 60, 60, 60, 60, 50),
	(171, 'MEGAN', 'RAPINOE', 'RAPINOE', '1985-07-05', 'FW', 'US', NULL, 60, 60, 60, 60, 60, 60, 60, 60, 60, 60, 60, 60, 60, 50),
	(172, 'VERONICA', 'BOQUETE GIADANS', 'VERO', '1987-04-09', 'MC', 'ES', NULL, 60, 60, 60, 60, 60, 60, 60, 60, 60, 60, 60, 60, 60, 50),
	(173, 'MARIE ANTOINETTE', 'ODA KATOTO', 'KATOTO', '1998-11-01', 'FW', 'FR', NULL, 60, 60, 60, 60, 60, 60, 60, 60, 60, 60, 60, 60, 60, 50),
	(174, 'STEPHANIE LYNN', 'MARIE LABBE', 'LABBE', '1986-10-10', 'GK', 'CA', NULL, 60, 60, 60, 60, 60, 60, 60, 60, 60, 60, 60, 60, 60, 50),
	(175, 'ADRIANA KRISTINA', 'LEON', 'LEON', '1992-10-02', 'FW', 'CA', NULL, 60, 60, 60, 60, 60, 60, 60, 60, 60, 60, 60, 60, 60, 50),
	(176, 'ALISHA', 'LEHMANN', 'LEHMANN', '1999-01-21', 'FW', 'CH', NULL, 60, 60, 60, 60, 60, 60, 60, 60, 60, 60, 60, 60, 60, 50),
	(177, 'ELISA', 'DE ALMEIDA', 'DE ALMEIDA', '1998-01-11', 'RCD', 'FR', NULL, 60, 60, 60, 60, 60, 60, 60, 60, 60, 60, 60, 60, 60, 50),
	(178, 'SARA CAROLINE', 'SEGER', 'SEGER', '1985-03-19', 'MC', 'SE', NULL, 60, 60, 60, 60, 60, 60, 60, 60, 60, 60, 60, 60, 60, 50),
	(179, 'JILL LOUISE', 'SCOTT', 'SCOTT', '1987-02-02', 'MC', 'EN', NULL, 60, 60, 60, 60, 60, 60, 60, 60, 60, 60, 60, 60, 60, 50),
	(180, 'SVENJA', 'HUTH', 'HUTH', '1991-01-25', 'FW', 'DE', NULL, 60, 60, 60, 60, 60, 60, 60, 60, 60, 60, 60, 60, 60, 50),
	(181, 'ROSEMARY ELEANOR', 'FLORENCE WHITE', 'WHITE', '1993-06-06', 'MC', 'NZ', NULL, 60, 60, 60, 60, 60, 60, 60, 60, 60, 60, 60, 60, 60, 50),
	(182, 'ABIGAIL LYNN', 'DAHLKEMPER', 'DAHLKEMPER', '1993-05-13', 'MCD', 'US', NULL, 60, 60, 60, 60, 60, 60, 60, 60, 60, 60, 60, 60, 60, 50),
	(183, 'VAITIARE KENTI', 'ROBLES SALAS', 'KENTI ROBLES', '1991-02-15', 'RD', 'MX', NULL, 60, 60, 60, 60, 60, 60, 60, 60, 60, 60, 60, 60, 60, 50),
	(184, 'ELLIE MADISON', 'CARPENTER', 'CARPENTER', '0200-04-28', 'RD', 'AU', NULL, 60, 60, 60, 60, 60, 60, 60, 60, 60, 60, 60, 60, 60, 50),
	(185, 'LINDSEY MICHELLE', 'HORAN', 'HORAN', '1994-05-26', 'MCO', 'US', NULL, 60, 60, 60, 60, 60, 60, 60, 60, 60, 60, 60, 60, 60, 50),
	(186, 'ELLA ANN', 'TOONE', 'TOONE', '1994-05-02', 'MC', 'EN', NULL, 60, 60, 60, 60, 60, 60, 60, 60, 60, 60, 60, 60, 60, 50),
	(187, 'ALBA MARIA', 'REDONDO FERRER', 'REDONDO', '1996-08-27', 'DC', 'ES', NULL, 60, 60, 60, 60, 60, 60, 60, 60, 60, 60, 60, 60, 60, 50),
	(188, 'JI', 'SO YUN', 'SO YUN', '1991-02-21', 'MC', 'JP', NULL, 60, 60, 60, 60, 60, 60, 60, 60, 60, 60, 60, 60, 60, 50),
	(189, 'LEANNE', 'KIERNAN', 'KIERNAN', '1999-04-27', 'DC', 'GB', NULL, 60, 60, 60, 60, 60, 60, 60, 60, 60, 60, 60, 60, 60, 50),
	(190, 'VICTORIA', 'PELOVA', 'PELOVA', '1999-06-03', 'MC', 'NL', NULL, 60, 60, 60, 60, 60, 60, 60, 60, 60, 60, 60, 60, 60, 50),
	(193, 'ATHENEA', 'DEL CASTILLO BEIVIDE', 'ATHENEA', '2000-10-24', 'DC', 'ES', NULL, 60, 60, 60, 60, 60, 60, 60, 60, 60, 60, 60, 60, 60, 50),
	(194, 'LINA MONA ANDREA', 'HURTIG', 'HURTIG', '1995-09-05', 'LW', 'SE', NULL, 60, 60, 60, 60, 60, 60, 60, 60, 60, 60, 60, 60, 60, 50),
	(195, 'ALIA', 'GUAGNI', 'GUAGNI', '1987-10-01', 'MCD', 'IT', NULL, 60, 60, 60, 60, 60, 60, 60, 60, 60, 60, 60, 60, 60, 50),
	(196, 'LISA-MARIE KARLSENG', 'UTLAND', 'UTLAND', '1992-09-19', 'FW', 'NO', NULL, 60, 60, 60, 60, 60, 60, 60, 60, 60, 60, 60, 60, 60, 50),
	(197, 'JANINE ELIZABETH ', 'BECKIE ', 'BECKIE ', '1994-08-20', 'FW', 'CA', NULL, 60, 60, 60, 60, 60, 60, 60, 60, 60, 60, 60, 60, 60, 50),
	(198, 'DEYNA', 'CASTELLANOS', 'DEYNA. C', '1999-04-18', 'FW', 'VE', NULL, 60, 60, 60, 60, 60, 60, 60, 60, 60, 60, 60, 60, 60, 50),
	(199, 'JESSICA MARIE', 'MCDONALD', 'MCDONALD', '1988-02-28', 'FW', 'US', NULL, 60, 60, 60, 60, 60, 60, 60, 60, 60, 60, 60, 60, 60, 50),
	(200, 'MIRAILDES MACIE', 'MOTA', 'FORMIGA', '1978-03-03', 'MC', 'BR', NULL, 60, 60, 60, 60, 60, 60, 60, 60, 60, 60, 60, 60, 60, 50),
	(201, 'SARA LLONKA', 'DÄBRITZ', 'DÄBRITZ', '1995-02-15', 'MC', 'DE', NULL, 60, 60, 60, 60, 60, 60, 60, 60, 60, 60, 60, 60, 60, 50),
	(202, 'KENZA', 'DALI', 'DALI', '1991-07-31', 'MC', 'FR', NULL, 60, 60, 60, 60, 60, 60, 60, 60, 60, 60, 60, 60, 60, 50),
	(204, 'LINDA BIRGITTA', 'SEMBRANT', 'SEMBRANT', '1987-05-15', 'MCD', 'SE', NULL, 60, 60, 60, 60, 60, 60, 60, 60, 60, 60, 60, 60, 60, 50),
	(205, 'JESSICA EVA KATARINA', 'SAMUELSSON', 'SAMUELSSON', '1992-01-30', 'MCD', 'SE', NULL, 60, 60, 60, 60, 60, 60, 60, 60, 60, 60, 60, 60, 60, 50),
	(206, 'HOPE AMELIA', 'SOLO', 'SOLO', '1987-07-30', 'GK', 'GB', NULL, 60, 60, 60, 60, 60, 60, 60, 60, 60, 60, 60, 60, 60, 50),
	(207, 'SHELINA LAURA', 'ZADORSKY', 'ZADORSKY', '1992-10-24', 'MCD', 'CA', NULL, 60, 60, 60, 60, 60, 60, 60, 60, 60, 60, 60, 60, 60, 50),
	(208, 'LISA CATHERINE', 'EVANS', 'EVANS', '1992-05-21', 'MCD', 'GB', NULL, 60, 60, 60, 60, 60, 60, 60, 60, 60, 60, 60, 60, 60, 50),
	(209, 'CAITLIN JADE', 'FOORD', 'FOORD', '1994-11-11', 'FW', 'AU', NULL, 60, 60, 60, 60, 60, 60, 60, 60, 60, 60, 60, 60, 60, 50),
	(210, 'HAYLEY EMMA', 'RASO', 'RASO', '1994-09-05', 'MC', 'AU', NULL, 60, 60, 60, 60, 60, 60, 60, 60, 60, 60, 60, 60, 60, 50),
	(211, 'JANA ALEXANDRA', 'GUTIÉRREZ CAMPOS', 'J.GUTIERREZ', '2003-10-25', 'MC', 'MX', NULL, 60, 60, 60, 60, 60, 60, 60, 60, 60, 60, 60, 60, 60, 50),
	(212, 'ÅSA NILLA MARÍA', 'FISCHER', 'FISCHER', '1984-08-02', 'MCD', 'SE', NULL, 60, 60, 60, 60, 60, 60, 60, 60, 60, 60, 60, 60, 60, 50),
	(214, 'CATARINA CANTANHEDE', 'MELÔNIO MACÁRIO', 'MACARIO', '1999-10-04', 'MC', 'US', NULL, 60, 60, 60, 60, 60, 60, 60, 60, 60, 60, 60, 60, 60, 50),
	(215, 'MELVINE', ' MALARD', 'MALARD', '2000-06-28', 'FW', 'FR', NULL, 60, 60, 60, 60, 60, 60, 60, 60, 60, 60, 60, 60, 60, 50),
	(216, 'MEREL', 'VAN DONGEN', 'VAN DONGEN', '1993-02-11', 'LCD', 'NL', NULL, 60, 60, 60, 60, 60, 60, 60, 60, 60, 60, 60, 60, 60, 50),
	(217, 'KIKA', 'VAN ES', 'VAN ES', '1991-10-11', 'MCD', 'NL', NULL, 60, 60, 60, 60, 60, 60, 60, 60, 60, 60, 60, 60, 60, 50),
	(218, 'RENATE', 'JANSEN', 'R.JANSEN', '1990-12-07', 'FW', 'NL', NULL, 60, 60, 60, 60, 60, 60, 60, 60, 60, 60, 60, 60, 60, 50),
	(219, 'ALINE', 'VILLARES REIS', 'ALINE REIS', '1989-04-15', 'GK', 'BR', NULL, 60, 60, 60, 60, 60, 60, 60, 60, 60, 60, 60, 60, 60, 50),
	(220, 'TIERNA LILLIS', 'DAVIDSON', 'DAVIDSON', '1998-09-19', 'MCD', 'US', NULL, 60, 60, 60, 60, 60, 60, 60, 60, 60, 60, 60, 60, 60, 50),
	(221, 'ANDY MAUREEN', 'SULLIVAN', 'SULLIVAN', '1995-12-20', 'MC', 'US', NULL, 60, 60, 60, 60, 60, 60, 60, 60, 60, 60, 60, 60, 60, 50),
	(222, 'REBECCA ELIZABETH ', 'SAUERBRUNN', 'SAUERBRUNN', '1985-06-06', 'MCD', 'US', NULL, 60, 60, 60, 60, 60, 60, 60, 60, 60, 60, 60, 60, 60, 50),
	(223, 'CARLA ', 'ARMENGOL JOANIQUET', 'CARLA', '1998-04-02', 'FW', 'ES', NULL, 60, 60, 60, 60, 60, 60, 60, 60, 60, 60, 60, 60, 60, 50),
	(224, 'ANNABELLA MADELEINE', 'BIXBY', 'BIXBY', '1995-11-20', 'GK', 'US', NULL, 60, 60, 60, 60, 60, 60, 60, 60, 60, 60, 60, 60, 60, 50),
	(225, 'SAMANTHA JUNE', 'MEWIS', 'S.MEWIS', '1992-10-09', 'RMC', 'US', NULL, 60, 60, 60, 60, 60, 60, 60, 60, 60, 60, 60, 60, 60, 50),
	(226, 'MARTA', 'CORREDERA I RUEDA', 'M.CORREDERA', '1991-08-08', 'MCD', 'ES', NULL, 60, 60, 60, 60, 60, 60, 60, 60, 60, 60, 60, 60, 60, 50),
	(231, 'ZECIRA', 'MUSOVIC', 'MUSOVIC', '1996-05-26', 'GK', 'SE', NULL, 60, 60, 60, 60, 60, 60, 60, 60, 60, 60, 60, 60, 60, 50),
	(233, 'OLGA ', 'CARMONA GARCÍA ', 'OLGA', '2000-06-12', 'LD', 'ES', NULL, 60, 60, 60, 60, 60, 60, 60, 60, 60, 60, 60, 60, 60, 60),
	(234, 'OLGA', 'GARCÍA PEREZ', 'OLGA GARCÍA', '1992-06-01', 'FW', 'ES', '', 60, 60, 60, 60, 60, 60, 60, 60, 60, 60, 60, 60, 60, 50),
	(235, 'DOMINIQUE JOHANNA ANNA', 'JANSSEN', 'JANSSEN', '1995-01-17', 'RCD', 'NL', NULL, 60, 60, 60, 60, 60, 60, 60, 60, 60, 60, 60, 60, 60, 50),
	(236, 'SANDY MADELEINE', 'BALTIMORE', 'BALTIMORE', '2000-02-19', 'FW', 'FR', '', 60, 60, 60, 60, 60, 60, 60, 60, 60, 60, 60, 60, 60, 50),
	(237, 'PATRICIA', 'GAVIRA COLLADO', 'PATRI GAVIRA', '1989-04-26', 'MC', 'ES', NULL, 60, 60, 60, 60, 60, 60, 60, 60, 60, 60, 60, 60, 60, 50),
	(238, 'MARIA ESTELLA', 'DEL VALLE ', 'ESTELLA', '1994-06-10', 'LD', 'ES', '', 60, 60, 60, 60, 60, 60, 60, 60, 60, 60, 60, 60, 60, 50),
	(239, 'NAYLUISA JHAYLENNY', 'CÁCERES ACEVEDO ', 'NAYLUISA', '1999-11-18', 'GK', 'VE', '', 60, 60, 60, 60, 60, 60, 60, 60, 60, 60, 60, 60, 60, 50),
	(240, 'MARÍA DEL PILAR', 'GONZÁLEZ ÁVILA', 'PILI', '1990-04-18', 'GK', 'ES', '', 60, 60, 60, 60, 60, 60, 60, 60, 60, 60, 60, 60, 60, 50),
	(241, 'NATALIA', 'RAMOS ALVAREZ', 'N.RAMOS', '1999-02-10', 'RCD', 'ES', '', 60, 60, 60, 60, 60, 60, 60, 60, 60, 60, 60, 60, 60, 50),
	(242, 'ALEKSANDRA', 'ZAREMBA', 'ALEKSANDRA', '2001-02-19', 'LW', 'ES', NULL, 60, 60, 60, 60, 60, 60, 60, 60, 60, 60, 60, 60, 60, 50),
	(243, 'ISABEL', 'ÁLVAREZ TENORIO', 'ISA', '1999-06-12', 'RCD', 'ES', NULL, 60, 60, 60, 60, 60, 60, 60, 60, 60, 60, 60, 60, 60, 50),
	(244, 'CRISTINA', 'CUBEDO PITARCH', 'CUBEDO', '1999-10-21', 'LCD', 'ES', NULL, 60, 60, 60, 60, 60, 60, 60, 60, 60, 60, 60, 60, 60, 50),
	(245, 'BEATRICE SOUTHBY', 'GOAD', 'BEATTIE', '1997-05-31', 'RCD', 'AU', '', 60, 60, 60, 60, 60, 60, 60, 60, 60, 60, 60, 60, 60, 50),
	(246, 'MARÍA JOSÉ ', 'PÉREZ GONZÁLEZ', 'MARIJOSE', '1984-03-19', 'RW', 'ES', '', 60, 60, 60, 60, 60, 60, 60, 60, 60, 60, 60, 60, 60, 50),
	(247, 'SILVIA', 'DOBLADO PEÑA', 'SILVIA', '1987-03-22', 'MC', 'ES', '', 60, 60, 60, 60, 60, 60, 60, 60, 60, 60, 60, 60, 60, 50),
	(248, 'NATAŠA', 'ANDONOVA', 'ANDONOVA', '1993-12-04', 'FW', 'MK', '', 60, 60, 60, 60, 60, 60, 60, 60, 60, 60, 60, 60, 60, 50),
	(249, 'TONI', 'DUGGAN', 'DUGGAN', '1991-07-25', 'LW', 'GB', '', 60, 60, 60, 60, 60, 60, 60, 60, 60, 60, 60, 60, 60, 50),
	(250, 'STEPHANIE JAYNE', 'HOUGHTON', 'HOUGHTON', '1988-04-23', 'LCD', 'GB', '', 60, 60, 60, 60, 60, 60, 60, 60, 60, 60, 60, 60, 60, 50),
	(251, 'GEORGIA MARIE', 'STANWAY', 'STANWAY', '1999-01-03', 'FW', 'GB', '', 60, 60, 60, 60, 60, 60, 60, 60, 60, 60, 60, 60, 60, 50),
	(252, 'KHADIJA MONIFA', 'SHAW', 'SHAW', '1997-01-31', 'FW', 'JM', NULL, 60, 60, 60, 60, 60, 60, 60, 60, 60, 60, 60, 60, 60, 50),
	(253, 'TERESA ', 'ABELLEIRA DUEÑAS', 'TERESA', '2000-01-09', 'MC', 'ES', '', 60, 60, 60, 60, 60, 60, 60, 60, 60, 60, 60, 60, 60, 50),
	(254, 'GRETA', 'ADAMI', 'ADAMI', '1992-07-31', 'MC', 'IT', '', 60, 60, 60, 60, 60, 60, 60, 60, 60, 60, 60, 60, 60, 50),
	(255, 'AURÉLIE ANNE SOPHIE', 'KACI', 'KACI', '1989-12-19', 'MC', 'FR', '', 60, 60, 60, 60, 60, 60, 60, 60, 60, 60, 60, 60, 60, 60),
	(256, 'BERTA', 'PUJADAS BOIX', 'PUJADAS', '2000-04-09', 'RCD', 'ES', '', 60, 60, 60, 60, 60, 60, 60, 60, 60, 60, 60, 60, 60, 60),
	(257, 'NOELIA', 'GIL PEREZ', 'NOELIA GIL', '1994-05-23', 'GK', 'ES', '', 60, 60, 60, 60, 60, 60, 60, 60, 60, 60, 60, 60, 60, 60),
	(258, 'ENITH', 'SALÓN MARCUELLO', 'ENITH', '2001-09-24', '', 'ES', '', 60, 60, 60, 60, 60, 60, 60, 60, 60, 60, 60, 60, 60, 60),
	(260, 'SANDRA STEPHANY ', 'MAYOR GUTIÉRREZ', 'MAYOR', '1991-09-23', 'MC', 'MX', '', 60, 60, 60, 60, 60, 60, 60, 60, 60, 60, 60, 60, 60, 60),
	(261, 'ESME BETH', 'MORGAN', 'MORGAN', '2000-10-18', 'RCD', 'GB', NULL, 60, 60, 60, 60, 60, 60, 60, 60, 60, 60, 60, 60, 60, 60),
	(262, 'JESSICA', 'PARK', 'PARK', '2001-10-21', 'FW', 'GB', NULL, 60, 60, 60, 60, 60, 60, 60, 60, 60, 60, 60, 60, 60, 60),
	(263, 'CHLOE MAGGIE', 'KELLY', 'KELLY', '1998-01-15', 'RW', 'GB', NULL, 60, 60, 60, 60, 60, 60, 60, 60, 60, 60, 60, 60, 60, 60),
	(264, 'RUBY', 'MACE', 'MACE', '2003-09-05', 'MC', 'GB', '', 60, 60, 60, 60, 60, 60, 60, 60, 60, 60, 60, 60, 60, 60),
	(265, 'INGRID FILIPPA', 'ANGEDAHL', 'ANGEDAHL', '1997-07-14', 'MC', 'SE', '', 60, 60, 60, 60, 60, 60, 60, 60, 60, 60, 60, 60, 60, 60),
	(266, 'LAURA ', 'COOMBS HILLS', 'COOMBS', '1991-01-29', 'RMC', 'GB', '', 60, 60, 60, 60, 60, 60, 60, 60, 60, 60, 60, 60, 60, 60),
	(267, 'ALANNA STEPHANIE', ' KENNEDY', ' KENNEDY', '1995-01-21', 'RCD', 'AU', '', 60, 60, 60, 60, 60, 60, 60, 60, 60, 60, 60, 60, 60, 60),
	(268, 'ELLIE', 'ROEBUCK', 'ROEBUCK', '1999-09-23', 'GK', 'GB', '', 60, 60, 60, 60, 60, 60, 60, 60, 60, 60, 60, 60, 60, 60),
	(269, 'KARIMA ', 'BENAMEUR TAIEB ', 'TAIEB', '1989-04-23', 'GK', 'FR', '', 60, 60, 60, 60, 60, 60, 60, 60, 60, 60, 60, 60, 60, 60),
	(270, 'HANNAH', 'HAMPTON', 'HAMPTON', '2000-11-16', 'GK', 'GB', '', 60, 60, 60, 60, 60, 60, 60, 60, 60, 60, 60, 60, 60, 60),
	(271, 'SIAN', 'ROGERS', 'ROGERS', '1998-06-28', 'GK', 'GB', '', 60, 60, 60, 60, 60, 60, 60, 60, 60, 60, 60, 60, 60, 60),
	(272, 'SARAH', 'MAYLING', 'MAYLING', '1997-03-20', 'RCD', 'GB', '', 60, 60, 60, 60, 60, 60, 60, 60, 60, 60, 60, 60, 60, 60),
	(273, 'MEAGHAN', ' SARGEANT', ' SARGEANT', '1994-03-16', 'LCD', 'GB', '', 60, 60, 60, 60, 60, 60, 60, 60, 60, 60, 60, 60, 60, 60),
	(274, 'ELISHA', 'N\'DOW', 'N\'DOW', '1996-10-13', 'LCD', 'GB', '', 60, 60, 60, 60, 60, 60, 60, 60, 60, 60, 60, 60, 60, 60),
	(275, 'ANITA AMA ', 'ANKYEWAH ASANTE', 'ASANTE', '1985-04-27', 'LCD', 'GB', '', 60, 60, 60, 60, 60, 60, 60, 60, 60, 60, 60, 60, 60, 60),
	(276, 'NATALIE ELIZABETH', 'HAIGH', 'HAIGH', '1989-02-08', 'LCD', 'GB', '', 60, 60, 60, 60, 60, 60, 60, 60, 60, 60, 60, 60, 60, 60),
	(277, 'MAYUMI', 'PACHECO', 'PACHECO', '1998-08-25', 'RCD', 'GB', '', 60, 60, 60, 60, 60, 60, 60, 60, 60, 60, 60, 60, 60, 60),
	(278, 'REMI LEE', ' ALLEN', ' ALLEN', '1990-10-15', 'MC', 'GB', '', 60, 60, 60, 60, 60, 60, 60, 60, 60, 60, 60, 60, 60, 60),
	(279, 'CHLOE SUSAN', 'ARTHUR', 'ARTHUR', '1995-01-21', 'MC', 'GB', '', 60, 60, 60, 60, 60, 60, 60, 60, 60, 60, 60, 60, 60, 60),
	(280, 'MANUELA', 'ZINSBERGER', 'ZINSBERGER', '1995-10-19', 'GK', 'AT', '', 60, 60, 60, 60, 60, 60, 60, 60, 60, 60, 60, 60, 60, 60),
	(281, 'RAMONA', 'PETZELBERGER', 'PETZELBERGER', '1992-11-13', 'RW', 'DE', '', 60, 60, 60, 60, 60, 60, 60, 60, 60, 60, 60, 60, 60, 60),
	(282, 'OLIVIA', ' MCLOUGHLIN', ' MCLOUGHLIN', '2004-10-15', 'RCD', 'GB', '', 60, 60, 60, 60, 60, 60, 60, 60, 60, 60, 60, 60, 60, 60),
	(283, 'LAURA', 'BLINDKILDE', 'BLINDKILDE', '2003-09-09', 'MCO', 'GB', '', 60, 60, 60, 60, 60, 60, 60, 60, 60, 60, 60, 60, 60, 60),
	(284, 'MARISA HENRIKE', 'EWERS', 'EWERS', '1989-02-24', 'MCD', 'DE', '', 60, 60, 60, 60, 60, 60, 60, 60, 60, 60, 60, 60, 60, 60),
	(285, 'RUESHA', 'LITTLEJOHN', 'LITTLEJOHN', '1990-07-03', 'MCO', 'IE', '', 60, 60, 60, 60, 60, 60, 60, 60, 60, 60, 60, 60, 60, 60),
	(286, 'EMILY ', 'GIELNIK', 'GIELNIK', '1992-05-13', 'FW', 'AU', '', 60, 60, 60, 60, 60, 60, 60, 60, 60, 60, 60, 60, 60, 60),
	(287, 'CHANTELLE', 'BOYE-HLORKAH', 'BOYE-HLORKAH', '1995-09-08', 'FW', 'GB', '', 60, 60, 60, 60, 60, 60, 60, 60, 60, 60, 60, 60, 60, 60),
	(288, 'JODIE', 'HUTTON', 'HUTTON', '2001-02-11', 'LW', 'GB', '', 60, 60, 60, 60, 60, 60, 60, 60, 60, 60, 60, 60, 60, 60),
	(289, 'SOPHIE', 'HAYWOOD', 'HAYWOOD', '1996-01-10', 'LW', 'GB', '', 60, 60, 60, 60, 60, 60, 60, 60, 60, 60, 60, 60, 60, 60),
	(290, 'FREYA ', 'GREGORY', 'GREGORY', '2003-01-12', 'LW', 'GB', NULL, 60, 60, 60, 60, 60, 60, 60, 60, 60, 60, 60, 60, 60, 60),
	(291, 'GEMMA SUZANNE', 'DAVISON', 'DAVISON', '1987-04-17', 'LW', 'GB', NULL, 60, 60, 60, 60, 60, 60, 60, 60, 60, 60, 60, 60, 60, 60),
	(292, 'SHANIA', 'HAYLES', 'HAYLES', '1999-12-22', 'FW', 'JM', '', 60, 60, 60, 60, 60, 60, 60, 60, 60, 60, 60, 60, 60, 60),
	(293, 'INHA', 'MOSTOVA', 'MOSTOVA', '1997-04-20', 'GK', 'UA', '', 60, 60, 60, 60, 60, 60, 60, 60, 60, 60, 60, 60, 60, 60),
	(294, 'MARYIA', 'SVIDUNOVICH', 'SVIDUNOVICH', '2000-05-20', 'GK', 'BY', '', 60, 60, 60, 60, 60, 60, 60, 60, 60, 60, 60, 60, 60, 60),
	(295, 'GAMZE', 'YAMAN', 'YAMAN', '1999-04-25', 'GK', 'TR', '', 60, 60, 60, 60, 60, 60, 60, 60, 60, 60, 60, 60, 60, 60),
	(296, 'KRISTINE', 'ALEKSANYAN', 'ALEKSANYAN', '1989-03-25', 'RD', 'AM', '', 60, 60, 60, 60, 60, 60, 60, 60, 60, 60, 60, 60, 60, 60),
	(297, 'OLHA', 'BASANSKA', 'BASANSKA', '1992-01-06', 'RCD', 'UA', '', 60, 60, 60, 60, 60, 60, 60, 60, 60, 60, 60, 60, 60, 60),
	(298, 'SOLOMIIA', 'KUPIAK', 'KUPIAK', '2000-06-07', 'RD', 'UA', '', 60, 60, 60, 60, 60, 60, 60, 60, 60, 60, 60, 60, 60, 60),
	(299, 'ANASTASIA', 'VORONINA', 'VORONINA', '1993-07-27', 'LD', 'UA', '', 60, 60, 60, 60, 60, 60, 60, 60, 60, 60, 60, 60, 60, 60),
	(300, 'ALEVTINA', 'UTITSKIKH', 'UTITSKIKH', '1988-07-14', 'LCD', 'RU', '', 60, 60, 60, 60, 60, 60, 60, 60, 60, 60, 60, 60, 60, 60),
	(301, 'LYUBOV', 'SHMATKO', 'SHMATKO', '1993-10-25', 'LCD', 'UA', '', 60, 60, 60, 60, 60, 60, 60, 60, 60, 60, 60, 60, 60, 60),
	(302, 'NADIIA', 'KHAVANSKA', 'KHAVANSKA', '1989-04-02', 'MCD', 'UA', '', 60, 60, 60, 60, 60, 60, 60, 60, 60, 60, 60, 60, 60, 60),
	(303, 'OLHA', 'BOYCHENKO', 'BOYCHENKO', '1989-01-06', 'RMC', 'UA', '', 60, 60, 60, 60, 60, 60, 60, 60, 60, 60, 60, 60, 60, 60),
	(304, 'ANNA', 'PETRYK', 'PETRYK', '1997-10-26', 'LMC', 'UA', '', 60, 60, 60, 60, 60, 60, 60, 60, 60, 60, 60, 60, 60, 60),
	(305, 'DAJANA', 'SPASOJEVIC', 'SPASOJEVIC', '1997-10-29', 'LMC', 'BA', '', 60, 60, 60, 60, 60, 60, 60, 60, 60, 60, 60, 60, 60, 60),
	(306, 'LYDIA GRACE YILKARI', 'WILLIAMS', 'WILLIAMS', '1988-05-13', 'GK', 'AU', '', 60, 60, 60, 60, 60, 60, 60, 60, 60, 60, 60, 60, 60, 60),
	(307, 'IRINA', 'KOCHNYEVA', 'KOCHNYEVA', '1994-09-01', 'MCO', 'UA', '', 60, 60, 60, 60, 60, 60, 60, 60, 60, 60, 60, 60, 60, 60),
	(308, 'YULIA', 'SHEVCHUK', 'SHEVCHUK', '1998-06-25', 'LMC', 'UA', '', 60, 60, 60, 60, 60, 60, 60, 60, 60, 60, 60, 60, 60, 60),
	(309, 'BIRGUL', 'SADIKOGLU', 'SADIKOGLU', '2000-03-23', 'LW', 'TR', '', 60, 60, 60, 60, 60, 60, 60, 60, 60, 60, 60, 60, 60, 60),
	(310, 'DARYNA', 'APANASCHENKO', 'APANASCHENKO', '1986-05-16', 'FW', 'UA', '', 60, 60, 60, 60, 60, 60, 60, 60, 60, 60, 60, 60, 60, 60),
	(311, 'OLHA', 'OVDIYCHUK', 'OVDIYCHUK', '1993-12-16', 'FW', 'UA', '', 60, 60, 60, 60, 60, 60, 60, 60, 60, 60, 60, 60, 60, 60),
	(312, 'GANNA', 'VORONINA', 'GANNA VORONINA', '1992-04-17', 'RW', 'UA', '', 60, 60, 60, 60, 60, 60, 60, 60, 60, 60, 60, 60, 60, 60),
	(313, 'JENNIFER PATRICIA', 'BEATTIE', 'BEATTIE', '1991-05-13', 'LCD', 'GB', '', 60, 60, 60, 60, 60, 60, 60, 60, 60, 60, 60, 60, 60, 60),
	(314, 'ANNA ROSE', 'PATTEN', 'ANNA PATTEN', '1999-04-20', 'RCD', 'GB', '', 60, 60, 60, 60, 60, 60, 60, 60, 60, 60, 60, 60, 60, 60),
	(315, 'CARLOTTE MAE', 'WUBBEN-MOY', 'WUBBEN-MOY', '1999-01-11', 'RCD', 'GB', '', 60, 60, 60, 60, 60, 60, 60, 60, 60, 60, 60, 60, 60, 60),
	(316, 'NOËLLE', 'MARITZ', 'MARITZ', '1995-12-23', 'RD', 'CH', '', 60, 60, 60, 60, 60, 60, 60, 60, 60, 60, 60, 60, 60, 60),
	(317, 'STEPHANIE-ELISE ', 'CATLEY', 'CATLEY', '1994-01-26', 'LD', 'AU', '', 60, 60, 60, 60, 60, 60, 60, 60, 60, 60, 60, 60, 60, 60),
	(318, 'SIMONE', 'BOYE SØRENSEN', 'BOYE ', '1992-03-03', 'LCD', 'DK', '', 60, 60, 60, 60, 60, 60, 60, 60, 60, 60, 60, 60, 60, 60),
	(319, 'VIKTORIA', 'SCHNADERBECK', 'SCHNADERBECK', '1991-01-04', 'RCD', 'AT', '', 60, 60, 60, 60, 60, 60, 60, 60, 60, 60, 60, 60, 60, 60),
	(320, 'KIM ALISON', 'LITTLE', 'LITTLE', '1990-06-29', 'MCD', 'GB', '', 60, 60, 60, 60, 60, 60, 60, 60, 60, 60, 60, 60, 60, 60),
	(321, ' FRIDA LEONHARDSEN', 'MAANUM', 'MAANUM', '1999-07-16', 'LMC', 'NO', '', 60, 60, 60, 60, 60, 60, 60, 60, 60, 60, 60, 60, 60, 60),
	(322, 'LIA JOËLLE', 'WÄLTI', 'WÄLTI', '1993-04-19', 'RMC', 'CH', '', 60, 60, 60, 60, 60, 60, 60, 60, 60, 60, 60, 60, 60, 60),
	(323, 'MALIN', 'GUT', 'GUT', '2000-06-01', 'MC', 'CH', '', 60, 60, 60, 60, 60, 60, 60, 60, 60, 60, 60, 60, 60, 60),
	(324, 'KATIE', 'MCCABE', 'MCCABE', '1995-09-21', 'LW', 'IE', '', 60, 60, 60, 60, 60, 60, 60, 60, 60, 60, 60, 60, 60, 60),
	(325, 'HERMIONE', 'CULL', 'CULL', '2004-03-10', 'GK', 'GB', '', 60, 60, 60, 60, 60, 60, 60, 60, 60, 60, 60, 60, 60, 60),
	(326, 'GEMMA', 'FONT OLIVERAS', 'FONT', '1999-10-23', 'GK', 'ES', '', 60, 60, 60, 60, 60, 60, 60, 60, 60, 60, 60, 60, 60, 60),
	(327, 'MERITXELL', 'MUÑOZ ALSINA', 'MERI MUÑOZ', '2003-06-18', 'GK', 'ES', '', 60, 60, 60, 60, 60, 60, 60, 60, 60, 60, 60, 60, 60, 60),
	(328, 'ARIADNA', 'MINGUEZA GARCÍA', 'A. MINGUEZA', '2003-03-22', 'MCD', 'ES', '', 60, 60, 60, 60, 60, 60, 60, 60, 60, 60, 60, 60, 60, 60),
	(329, 'MARÍA', 'MOLINA MOLERO', 'MOLINA', '2000-05-09', 'LCD', 'ES', '', 60, 60, 60, 60, 60, 60, 60, 60, 60, 60, 60, 60, 60, 60),
	(330, 'MARÍA', 'PÉREZ RABAZA', 'MARÍA PÉREZ', '2001-12-24', 'MC', 'ES', '', 60, 60, 60, 60, 60, 60, 60, 60, 60, 60, 60, 60, 60, 60),
	(331, 'BABETT', 'PETER', 'PETER', '1988-05-12', 'LCD', 'DE', '', 60, 60, 60, 60, 60, 60, 60, 60, 60, 60, 60, 60, 60, 60),
	(332, 'MAITE', 'OROZ ARETA', 'M. OROZ', '1998-03-25', 'MC', 'ES', '', 60, 60, 60, 60, 60, 60, 60, 60, 60, 60, 60, 60, 60, 60),
	(333, 'LORENA', 'NAVARRO DOMÍNGUEZ', 'LORENA', '2000-11-11', 'FW', 'ES', '', 60, 60, 60, 60, 60, 60, 60, 60, 60, 60, 60, 60, 60, 60),
	(334, 'CLAUDIA', 'FLORENTINO VIVÓ', 'CLAUDIA F.', '1998-03-10', 'RMC', 'ES', '', 60, 60, 60, 60, 60, 60, 60, 60, 60, 60, 60, 60, 60, 60),
	(335, 'CAROLINE', 'MØLLER HANSEN', 'MØLLER', '1998-12-19', 'FW', 'DK', '', 60, 60, 60, 60, 60, 60, 60, 60, 60, 60, 60, 60, 60, 60),
	(336, 'LUCÍA', 'RODRÍGUEZ HERRERO', 'LUCÍA', '1999-05-24', 'LD', 'ES', '', 60, 60, 60, 60, 60, 60, 60, 60, 60, 60, 60, 60, 60, 60),
	(337, 'ROCÍO', 'GÁLVEZ LUNA', 'ROCÍO', '1997-04-15', 'RD', 'ES', '', 60, 60, 60, 60, 60, 60, 60, 60, 60, 60, 60, 60, 60, 60),
	(339, 'MÉLINE', 'GÉRARD', 'GÉRARD', '1990-05-30', 'GK', 'FR', '', 60, 60, 60, 60, 60, 60, 60, 60, 60, 60, 60, 60, 60, 60),
	(340, 'SOFÍA', 'FUENTE ANDRÉS', 'SOFÍA', '2005-03-14', 'GK', 'ES', '', 60, 60, 60, 60, 60, 60, 60, 60, 60, 60, 60, 60, 60, 60),
	(341, 'PAULA', 'PARTIDO DURÁN', 'PAULA PARTIDO', '2005-03-02', 'FW', 'ES', '', 60, 60, 60, 60, 60, 60, 60, 60, 60, 60, 60, 60, 60, 60),
	(342, 'DANA', 'BENÍTEZ OTERO', 'DANA', '2004-04-23', 'MC', 'ES', '', 60, 60, 60, 60, 60, 60, 60, 60, 60, 60, 60, 60, 60, 60),
	(343, 'BÉNÉDICTE', 'SIMON', 'B. SIMON', '1997-06-02', 'RD', 'FR', '', 60, 60, 60, 60, 60, 60, 60, 60, 60, 60, 60, 60, 60, 60),
	(344, 'MAITANE', 'LÓPEZ MILLÁN', 'MAITANE', '1995-03-13', 'RMC', 'ES', '', 60, 60, 60, 60, 60, 60, 60, 60, 60, 60, 60, 60, 60, 60),
	(345, 'LUDMILA', 'DA SILVA', 'LUDMILA', '1994-12-01', 'FW', 'BR', '', 60, 60, 60, 60, 60, 60, 60, 60, 60, 60, 60, 60, 60, 60),
	(346, 'AMANDA', 'FRISBIE', 'FRISBIE', '1992-05-29', 'LCD', 'US', '', 60, 60, 60, 60, 60, 60, 60, 60, 60, 60, 60, 60, 60, 60),
	(347, 'SILVIA', 'MESEGUER BELLIDO', 'MESEGUER', '1989-03-13', 'RMC', 'ES', '', 60, 60, 60, 60, 60, 60, 60, 60, 60, 60, 60, 60, 60, 60),
	(348, 'RASHEEDAT', 'AJIBADE', 'AJIBADE', '1999-12-08', 'FW', 'NG', '', 60, 60, 60, 60, 60, 60, 60, 60, 60, 60, 60, 60, 60, 60),
	(349, 'BÁRBARA', 'LATORRE VIÑALS', 'BÁRBARA', '1993-03-14', 'RW', 'ES', '', 60, 60, 60, 60, 60, 60, 60, 60, 60, 60, 60, 60, 60, 60),
	(350, 'THEMBI', 'KGATLANA', 'KGATLANA', '1996-05-02', 'FW', 'ZA', '', 60, 60, 60, 60, 60, 60, 60, 60, 60, 60, 60, 60, 60, 60),
	(351, 'AÏSSATOU', 'TOUNKARA', 'TOUNKARA', '1995-03-16', 'LCD', 'FR', '', 60, 60, 60, 60, 60, 60, 60, 60, 60, 60, 60, 60, 60, 60),
	(352, 'CARMEN', 'ÁLVAREZ SÁNCHEZ', 'CARMEN A.', '2003-02-24', 'FW', 'ES', '', 60, 60, 60, 60, 60, 60, 60, 60, 60, 60, 60, 60, 60, 60),
	(353, 'SHEILA', 'GARCÍA GÓMEZ', 'SHEI', '1997-03-15', 'LW', 'ES', '', 60, 60, 60, 60, 60, 60, 60, 60, 60, 60, 60, 60, 60, 60),
	(354, 'ESTEFANÍA ROMINA', 'BANINI RUIZ', 'BANINI', '1990-06-21', 'MC', 'AR', '', 60, 60, 60, 60, 60, 60, 60, 60, 60, 60, 60, 60, 60, 60),
	(355, 'CLAUDIA', 'IGLESIAS DE LA CRUZ', 'BICHO', '2003-08-30', 'MC', 'ES', '', 60, 60, 60, 60, 60, 60, 60, 60, 60, 60, 60, 60, 60, 60),
	(356, 'PAULA', 'VIZOSO PRIETO', 'P. VIZOSO', '2000-02-17', 'GK', 'ES', '', 60, 60, 60, 60, 60, 60, 60, 60, 60, 60, 60, 60, 60, 60),
	(357, 'LAURA', 'BENKARTH', 'BENKARTH', '1992-10-14', 'GK', 'DE', '', 60, 60, 60, 60, 60, 60, 60, 60, 60, 60, 60, 60, 60, 60),
	(358, 'KRISTIN', 'DEMANN', 'DEMANN', '1993-04-07', 'LCD', 'DE', '', 60, 60, 60, 60, 60, 60, 60, 60, 60, 60, 60, 60, 60, 60),
	(359, 'LINETH', 'BEERENSTEYN', 'BEERENSTEYN', '1996-10-11', 'MCO', 'NL', '', 60, 60, 60, 60, 60, 60, 60, 60, 60, 60, 60, 60, 60, 60),
	(360, 'MAXIMILIANE', 'RALL', 'RALL', '1993-11-18', 'RMC', 'DE', '', 60, 60, 60, 60, 60, 60, 60, 60, 60, 60, 60, 60, 60, 60),
	(361, 'JOVANA', 'DAMNJANOVIC', 'DAMNJANOVIC', '1994-11-24', 'FW', 'RS', '', 60, 60, 60, 60, 60, 60, 60, 60, 60, 60, 60, 60, 60, 60),
	(362, 'LINDA', 'DALLMANN', 'DALLMANN', '1994-09-02', 'MCO', 'DE', '', 60, 60, 60, 60, 60, 60, 60, 60, 60, 60, 60, 60, 60, 60),
	(363, 'LEA', 'SCHÜLLER', 'SCHÜLLER', '1997-11-12', 'FW', 'DE', NULL, 60, 60, 60, 60, 60, 60, 60, 60, 60, 60, 60, 60, 60, 60),
	(364, 'SIDNEY', 'LOHMANN', 'LOHMANN', '2000-06-19', 'MC', 'DE', '', 60, 60, 60, 60, 60, 60, 60, 60, 60, 60, 60, 60, 60, 60),
	(365, 'GLÓDÍS PERLA', 'VIGGÓSDÓTTIR', 'VIGGÓSDÓTTIR', '1995-06-27', 'LCD', 'IS', '', 60, 60, 60, 60, 60, 60, 60, 60, 60, 60, 60, 60, 60, 60),
	(366, 'IVANA', 'RUDELIC', 'RUDELIC', '1992-01-25', 'FW', 'HR', '', 60, 60, 60, 60, 60, 60, 60, 60, 60, 60, 60, 60, 60, 60),
	(367, 'KLARA', 'BÜHL', 'BÜHL', '2000-12-07', 'MC', 'DE', '', 60, 60, 60, 60, 60, 60, 60, 60, 60, 60, 60, 60, 60, 60),
	(368, 'VIVIANE MARIE-LOUISE BLANCHE', 'ASSEYI', 'ASSEYI', '1993-11-20', 'RMC', 'FR', '', 60, 60, 60, 60, 60, 60, 60, 60, 60, 60, 60, 60, 60, 60),
	(369, 'CARINA', 'WENNINGER', 'WENNINGER', '1991-02-06', 'RCD', 'AT', '', 60, 60, 60, 60, 60, 60, 60, 60, 60, 60, 60, 60, 60, 60),
	(370, 'MARIA LUISA', 'GROHS', 'GROHS', '2001-06-13', 'GK', 'DE', '', 60, 60, 60, 60, 60, 60, 60, 60, 60, 60, 60, 60, 60, 60),
	(371, 'KARÓLÍNA LEA', 'VILHJÁLMSDÓTTIR', 'VILHJÁLMSDÓTTIR', '2001-08-08', 'MC', 'IS', '', 60, 60, 60, 60, 60, 60, 60, 60, 60, 60, 60, 60, 60, 60),
	(372, 'SARAH', 'ZADRAZIL', 'ZADRAZIL', '1993-02-19', 'MC', 'AT', '', 60, 60, 60, 60, 60, 60, 60, 60, 60, 60, 60, 60, 60, 60),
	(373, 'MARINA', 'HEGERING', 'HEGERING', '1990-04-17', 'MCD', 'DE', '', 60, 60, 60, 60, 60, 60, 60, 60, 60, 60, 60, 60, 60, 60),
	(374, 'CAROLIN', 'SIMON', 'SIMON', '1992-11-24', 'LCD', 'DE', '', 60, 60, 60, 60, 60, 60, 60, 60, 60, 60, 60, 60, 60, 60),
	(375, 'JANINA', 'LEITZIG', 'LEITZIG', '1999-04-16', 'GK', 'DE', '', 60, 60, 60, 60, 60, 60, 60, 60, 60, 60, 60, 60, 60, 60),
	(376, 'ALMUTH', 'SCHULT', 'SCHULT', '1991-02-09', 'GK', 'DE', '', 60, 60, 60, 60, 60, 60, 60, 60, 60, 60, 60, 60, 60, 60),
	(377, 'LYNN ANKE HANNIE', 'WILMS', 'WILMS', '2000-10-03', 'LCD', 'NL', '', 60, 60, 60, 60, 60, 60, 60, 60, 60, 60, 60, 60, 60, 60),
	(378, 'KATHRIN', 'HENDRICH', 'HENDRICH', '1992-04-06', 'RCD', 'DE', '', 60, 60, 60, 60, 60, 60, 60, 60, 60, 60, 60, 60, 60, 60),
	(379, 'ANNA', ' BLÄSSE', ' BLÄSSE', '1987-02-27', 'FW', 'DE', '', 60, 60, 60, 60, 60, 60, 60, 60, 60, 60, 60, 60, 60, 60),
	(380, 'FELICITAS', 'RAUCH', 'RAUCH', '1996-04-30', 'MCD', 'DE', '', 60, 60, 60, 60, 60, 60, 60, 60, 60, 60, 60, 60, 60, 60),
	(381, 'PAULINE-MARIE ', 'BREMER', 'BREMER', '1996-04-10', 'FW', 'DE', '', 60, 60, 60, 60, 60, 60, 60, 60, 60, 60, 60, 60, 60, 60),
	(382, 'LENA ', 'LATTWEIN', 'LATTWEIN', '2000-05-02', 'MC', 'DE', '', 60, 60, 60, 60, 60, 60, 60, 60, 60, 60, 60, 60, 60, 60),
	(383, 'JULIA', 'KASSEN', 'KASSEN', '2002-05-17', 'GK', 'DE', NULL, 60, 60, 60, 60, 60, 60, 60, 60, 60, 60, 60, 60, 60, 60),
	(384, 'SANDRA', 'STARKE', 'STARKE', '1993-07-31', 'MCO', 'DE', '', 60, 60, 60, 60, 60, 60, 60, 60, 60, 60, 60, 60, 60, 60),
	(385, 'JOELLE', 'SMITS', 'SMITS', '2000-02-07', 'FW', 'NL', '', 60, 60, 60, 60, 60, 60, 60, 60, 60, 60, 60, 60, 60, 60),
	(386, 'PIA-SOPHIE', 'WOLTER', 'WOLTER', '1997-11-13', 'LW', 'DE', '', 60, 60, 60, 60, 60, 60, 60, 60, 60, 60, 60, 60, 60, 60),
	(387, 'REBECKA MARIA', 'BLOMQVIST', 'BLOMQVIST', '1997-07-24', 'FW', 'SE', '', 60, 60, 60, 60, 60, 60, 60, 60, 60, 60, 60, 60, 60, 60),
	(388, 'SARA', 'DOORSOUN', 'DOORSOUN', '1991-11-17', 'MCD', 'DE', '', 60, 60, 60, 60, 60, 60, 60, 60, 60, 60, 60, 60, 60, 60),
	(389, 'JOELLE', 'WEDEMEYER', 'WEDEMEYER', '1996-08-12', 'RCD', 'DE', '', 60, 60, 60, 60, 60, 60, 60, 60, 60, 60, 60, 60, 60, 60),
	(390, 'TABEA', 'WASSMUTH', 'WASSMUTH', '1996-08-25', 'RW', 'DE', '', 60, 60, 60, 60, 60, 60, 60, 60, 60, 60, 60, 60, 60, 60),
	(391, 'LISA', 'WEISS', 'WEISS', '1987-10-29', 'GK', 'DE', '', 60, 60, 60, 60, 60, 60, 60, 60, 60, 60, 60, 60, 60, 60),
	(392, 'KATARZYNA', 'KIEDRZYNEK', 'KIEDRZYNEK', '1991-03-19', 'GK', 'PL', '', 60, 60, 60, 60, 60, 60, 60, 60, 60, 60, 60, 60, 60, 60),
	(393, 'LOTTA', 'CORDES', 'CORDES', '2001-04-27', 'LMC', 'DE', '', 60, 60, 60, 60, 60, 60, 60, 60, 60, 60, 60, 60, 60, 60),
	(394, 'TURID', 'KNAAK', 'KNAAK', '1991-01-24', 'RW', 'DE', '', 60, 60, 60, 60, 60, 60, 60, 60, 60, 60, 60, 60, 60, 60),
	(395, 'GEYSE', 'FERREIRA', 'GEYSE', '1998-03-27', 'FW', 'BR', 'NOIMAGE', 85, 80, 40, 30, 80, 75, 65, 75, 60, 85, 75, 50, 75, 10),
	(396, 'SALMA CELESTE', 'PARALLUELO AYINGONO', 'SALMA', '2003-11-13', 'LW', 'ES', 'NOIMAGE', 90, 85, 65, 70, 75, 75, 80, 75, 70, 80, 75, 55, 80, 35),
	(397, 'TRINITY', 'RODMAN', 'RODMAN', '2002-02-20', 'FW', 'US', '', 80, 85, 70, 75, 85, 85, 85, 75, 85, 85, 75, 60, 60, 50);
/*!40000 ALTER TABLE `players_temp` ENABLE KEYS */;

-- Volcando estructura para tabla futfem.position
CREATE TABLE IF NOT EXISTS `position` (
  `id` varchar(3) NOT NULL,
  `descripcion` varchar(50) NOT NULL,
  `idioma` varchar(3) DEFAULT NULL,
  KEY `id` (`id`,`idioma`)
) ENGINE=InnoDB DEFAULT CHARSET=latin1;

-- Volcando datos para la tabla futfem.position: ~19 rows (aproximadamente)
/*!40000 ALTER TABLE `position` DISABLE KEYS */;
INSERT INTO `position` (`id`, `descripcion`, `idioma`) VALUES
	('GK', 'PORTERO', 'es'),
	('RD', 'LATERAL DERECHO', 'es'),
	('LD', 'LATERAL IZQUIERDO', 'es'),
	('LCD', 'CENTRAL IZQUIERDO', 'es'),
	('RCD', 'CENTRAL DERECHO', 'es'),
	('MCO', 'MEDIOCENTRO OFENSIVO', 'es'),
	('MCD', 'MEDIOCENTRO DEFENSIVO', 'es'),
	('RMC', 'MEDIOCENTRO DERECHO', 'es'),
	('LMC', 'MEDIOCENTRO IZQUIERDO', 'es'),
	('MC', 'MEDIOCENTRO', 'es'),
	('LW', 'EXTREMO IZQUIERDO', 'es'),
	('RW', 'EXTREMO DERECHO', 'es'),
	('FW', 'DELANTERO', 'es'),
	('LM', 'CARRILERO IZQUIERDO', 'es'),
	('RM', 'CARRILERO DERECHO', 'es'),
	('CDF', 'DEFENSA CENTRAL', 'es'),
	('FFW', 'FALSO DELANTERO CENTRO', 'es');
/*!40000 ALTER TABLE `position` ENABLE KEYS */;

-- Volcando estructura para tabla futfem.referees
CREATE TABLE IF NOT EXISTS `referees` (
  `id` int(5) NOT NULL AUTO_INCREMENT,
  `country` varchar(5) DEFAULT NULL,
  `casero` int(1) DEFAULT NULL,
  `tarjetero` int(1) DEFAULT NULL,
  `valiente` int(1) DEFAULT NULL,
  `name` varchar(255) DEFAULT NULL,
  `surname` varchar(255) DEFAULT NULL,
  `urlpic` varchar(255) DEFAULT '0',
  PRIMARY KEY (`id`)
) ENGINE=InnoDB AUTO_INCREMENT=19 DEFAULT CHARSET=latin1;

-- Volcando datos para la tabla futfem.referees: ~16 rows (aproximadamente)
/*!40000 ALTER TABLE `referees` DISABLE KEYS */;
INSERT INTO `referees` (`id`, `country`, `casero`, `tarjetero`, `valiente`, `name`, `surname`, `urlpic`) VALUES
	(1, 'ES', 0, 0, 1, 'ZULEMA', 'GONZÁLEZ GONZÁLEZ', '1'),
	(2, 'ES', 5, 8, 7, 'MARTA', 'HUERTA DE AZA', '2'),
	(3, 'BR', 4, 5, 8, 'EDINA', 'ALVES', '3'),
	(4, 'UA', 0, 0, 1, 'KATERYNA', 'MONZUL', '4'),
	(5, 'FR', 0, 0, 1, 'STEPHANIE', 'FRAPPART', '5'),
	(6, 'MY', 0, 0, 1, 'RITA', 'GANA', '0'),
	(7, 'BR', 0, 0, 1, 'Fernanda', 'Colombo', '0'),
	(8, 'UY', 0, 0, 1, 'Claudia', 'Umpiérrez', '0'),
	(9, 'GB', 0, 0, 1, 'AMY', 'FEARN', '0'),
	(10, 'GB', 0, 0, 1, 'Sian', 'Massey-Ellis', '0'),
	(11, 'GB', 0, 0, 1, 'Rebecca', 'Welch', '0'),
	(12, 'DE', 0, 0, 1, 'Bibiana', 'Steinhaus', '0'),
	(13, 'CH', 0, 0, 1, 'Nicole', 'Petignat', '0'),
	(14, 'GB', 0, 0, 1, 'Jawahir', 'Roble', '0'),
	(15, 'US', 0, 0, 1, 'Tori', 'Penso', '0'),
	(16, 'US', 0, 0, 1, 'Natalie', 'Simon', '0');
/*!40000 ALTER TABLE `referees` ENABLE KEYS */;

-- Volcando estructura para tabla futfem.referees_temp
CREATE TABLE IF NOT EXISTS `referees_temp` (
  `id` int(5) NOT NULL AUTO_INCREMENT,
  `country` varchar(5) DEFAULT NULL,
  `casero` int(1) DEFAULT NULL,
  `tarjetero` int(1) DEFAULT NULL,
  `valiente` int(1) DEFAULT NULL,
  `name` varchar(255) DEFAULT NULL,
  `surname` varchar(255) DEFAULT NULL,
  `urlpic` varchar(255) DEFAULT '0',
  PRIMARY KEY (`id`) USING BTREE
) ENGINE=InnoDB AUTO_INCREMENT=27 DEFAULT CHARSET=latin1 ROW_FORMAT=DYNAMIC;

-- Volcando datos para la tabla futfem.referees_temp: ~16 rows (aproximadamente)
/*!40000 ALTER TABLE `referees_temp` DISABLE KEYS */;
INSERT INTO `referees_temp` (`id`, `country`, `casero`, `tarjetero`, `valiente`, `name`, `surname`, `urlpic`) VALUES
	(1, 'ES', 0, 0, 1, 'ZULEMA', 'GONZÁLEZ GONZÁLEZ', '1'),
	(2, 'ES', 5, 2, 8, 'MARTA', 'HUERTA DE AZA', '2'),
	(3, 'BR', 3, 2, 4, 'EDINA', 'ALVES', '3'),
	(4, 'UA', 6, 4, 5, 'KATERYNA', 'MONZUL', '4'),
	(5, 'FR', 0, 0, 1, 'STEPHANIE', 'FRAPPART', '5'),
	(6, 'MY', 0, 0, 1, 'RITA', 'GANA', '0'),
	(7, 'BR', 0, 0, 1, 'FERNANDA', 'COLOMBO', '0'),
	(8, 'UY', 0, 0, 1, 'CLAUDIA', 'UMPIÉRREZ', '0'),
	(9, 'GB', 0, 0, 1, 'AMY', 'FEARN', '0'),
	(10, 'GB', 0, 0, 1, 'SIAN', 'MASSEY-ELLIS', '0'),
	(11, 'GB', 0, 0, 1, 'REBECCA', 'WELCH', '0'),
	(12, 'DE', 0, 0, 1, 'BIBIANA', 'STEINHAUS', '0'),
	(13, 'CH', 0, 0, 1, 'NICOLE', 'PETIGNAT', '0'),
	(14, 'GB', 0, 0, 1, 'JAWAHIR', 'ROBLE', '0'),
	(15, 'US', 0, 0, 1, 'TORI', 'PENSO', '0'),
	(16, 'US', 0, 0, 1, 'Natalie', 'Simon', '0'),
	(26, 'GT', 2, 8, 6, 'MAYCA', 'FERNANDEZ', '0');
/*!40000 ALTER TABLE `referees_temp` ENABLE KEYS */;

-- Volcando estructura para tabla futfem.squads
CREATE TABLE IF NOT EXISTS `squads` (
  `id` int(11) NOT NULL AUTO_INCREMENT,
  `season` varchar(4) NOT NULL DEFAULT '',
  `id_player` bigint(20) NOT NULL DEFAULT 0,
  `id_team` int(9) NOT NULL,
  `dorsal` varchar(3) DEFAULT NULL,
  KEY `id` (`id`)
) ENGINE=InnoDB AUTO_INCREMENT=287 DEFAULT CHARSET=latin1;

-- Volcando datos para la tabla futfem.squads: ~252 rows (aproximadamente)
/*!40000 ALTER TABLE `squads` DISABLE KEYS */;
INSERT INTO `squads` (`id`, `season`, `id_player`, `id_team`, `dorsal`) VALUES
	(5, '2122', 1, 1, '21'),
	(6, '2122', 2, 1, '22'),
	(7, '2122', 3, 1, '14'),
	(8, '2122', 5, 7, '20'),
	(9, '2122', 6, 1, '11'),
	(10, '2122', 7, 1, '12'),
	(11, '2122', 8, 1, '23'),
	(13, '2122', 25, 1, '4'),
	(14, '2122', 30, 1, '2'),
	(15, '2122', 24, 9, '6'),
	(16, '2122', 122, 9, '4'),
	(17, '2122', 20, 9, '1'),
	(18, '2122', 12, 3, '17'),
	(1, '2021', 1, 1, '21'),
	(2, '2021', 2, 1, '22'),
	(19, '2021', 3, 1, '14'),
	(20, '2021', 29, 1, '10'),
	(21, '2122', 29, 8, '14'),
	(22, '2122', 13, 7, '23'),
	(23, '2122', 14, 7, '14'),
	(24, '2122', 103, 1, '10'),
	(25, '2122', 79, 1, '16'),
	(26, '2122', 126, 1, '9'),
	(27, '2122', 164, 2, '1'),
	(28, '2122', 118, 1, '1'),
	(29, '2122', 183, 2, '2'),
	(30, '2122', 151, 2, '5'),
	(31, '2122', 233, 2, '7'),
	(32, '2122', 226, 2, '17'),
	(33, '2122', 129, 2, '10'),
	(34, '2021', 154, 14, '14'),
	(35, '2122', 154, 2, '14'),
	(36, '2122', 130, 2, '11'),
	(37, '2122', 255, 2, '6'),
	(38, '2122', 155, 2, '21'),
	(39, '2122', 120, 2, '9'),
	(40, '2122', 253, 2, '3'),
	(41, '2122', 17, 4, '4'),
	(42, '2122', 83, 4, '1'),
	(43, '2122', 67, 4, '13'),
	(44, '2122', 64, 1, '17'),
	(45, '2122', 73, 1, '15'),
	(46, '2122', 70, 1, '19'),
	(48, '2122', 9, 9, '17'),
	(49, '2122', 111, 9, '3'),
	(50, '2122', 214, 9, '13'),
	(51, '2122', 101, 9, '14'),
	(52, '2122', 93, 9, '20'),
	(53, '2122', 121, 9, '7'),
	(54, '2122', 215, 9, '28'),
	(55, '2122', 124, 9, '21'),
	(56, '2122', 102, 1, '7'),
	(57, '2122', 115, 1, '18'),
	(58, '2122', 110, 6, '17'),
	(59, '2122', 109, 6, '5'),
	(60, '2122', 152, 6, '19'),
	(61, '2122', 96, 6, '11'),
	(62, '2122', 88, 6, '22'),
	(63, '2122', 106, 6, '14'),
	(64, '2122', 180, 6, '10'),
	(65, '2122', 231, 7, '1'),
	(66, '2122', 27, 7, '16'),
	(67, '2122', 63, 7, '18'),
	(68, '2122', 167, 7, '8'),
	(69, '2122', 188, 7, '10'),
	(70, '2122', 71, 19, '10'),
	(71, '2122', 170, 19, '13'),
	(72, '2122', 136, 19, '11'),
	(73, '2122', 19, 16, '16'),
	(74, '2122', 117, 16, '9'),
	(75, '2122', 112, 16, '8'),
	(76, '2122', 171, 16, '15'),
	(77, '2122', 168, 1, '6'),
	(78, '2122', 125, 1, '5'),
	(79, '2122', 100, 16, '12'),
	(80, '2122', 85, 8, '8'),
	(81, '2122', 201, 8, '13'),
	(82, '2122', 173, 8, '9'),
	(83, '2122', 11, 8, '11'),
	(84, '2122', 86, 8, '23'),
	(85, '2122', 236, 8, '21'),
	(86, '2122', 92, 8, '7'),
	(87, '2122', 78, 5, '80'),
	(88, '2122', 97, 5, '16'),
	(89, '2122', 153, 5, '7'),
	(90, '2122', 26, 5, '3'),
	(91, '2122', 195, 4, '3'),
	(92, '2122', 216, 4, '5'),
	(93, '2122', 133, 4, '11'),
	(94, '2122', 145, 4, '6'),
	(95, '2122', 62, 4, '10'),
	(96, '2122', 131, 4, '14'),
	(98, '2122', 198, 4, '9'),
	(99, '2122', 237, 18, '22'),
	(100, '2122', 107, 105, '11'),
	(101, '2122', 61, 105, '23'),
	(102, '2122', 258, 15, '1'),
	(103, '2122', 257, 15, '13'),
	(104, '2122', 256, 15, '2'),
	(105, '2122', 246, 18, '17'),
	(106, '2122', 219, 18, '13'),
	(107, '2122', 242, 18, '11'),
	(108, '2122', 240, 18, '1'),
	(109, '2122', 238, 18, '20'),
	(110, '2122', 239, 18, '25'),
	(111, '2122', 241, 18, '14'),
	(112, '2122', 244, 18, '3'),
	(113, '2122', 243, 18, '4'),
	(114, '2122', 245, 18, '5'),
	(115, '2122', 114, 1, '8'),
	(116, '2122', 128, 1, '13'),
	(117, '2122', 16, 3, '15'),
	(118, '2122', 161, 3, '5'),
	(119, '2122', 76, 3, '20'),
	(120, '2122', 74, 3, '18'),
	(121, '2122', 251, 3, '10'),
	(122, '2122', 210, 3, '13'),
	(123, '2122', 250, 3, '6'),
	(124, '2122', 166, 3, '3'),
	(125, '2122', 148, 3, '24'),
	(126, '2122', 165, 3, '19'),
	(127, '2122', 172, 106, '87'),
	(128, '2122', 127, 106, '5'),
	(129, '2122', 194, 107, '17'),
	(130, '2122', 270, 11, '1'),
	(131, '2122', 271, 11, '23'),
	(132, '2122', 272, 11, '2'),
	(133, '2122', 273, 11, '3'),
	(134, '2122', 274, 11, '5'),
	(135, '2122', 275, 11, '6'),
	(136, '2122', 276, 11, '15'),
	(137, '2122', 277, 11, '33'),
	(138, '2122', 278, 11, '4'),
	(139, '2122', 279, 11, '8'),
	(140, '2122', 281, 11, '10'),
	(141, '2122', 282, 11, '16'),
	(142, '2122', 283, 11, '19'),
	(143, '2122', 284, 11, '21'),
	(144, '2122', 285, 11, '31'),
	(145, '2122', 286, 11, '9'),
	(146, '2122', 287, 11, '11'),
	(147, '2122', 288, 11, '12'),
	(148, '2122', 176, 11, '7'),
	(149, '2122', 289, 11, '17'),
	(150, '2122', 139, 3, '1'),
	(151, '2122', 269, 3, '34'),
	(153, '2122', 267, 3, '33'),
	(154, '2122', 266, 3, '7'),
	(155, '2122', 265, 3, '12'),
	(156, '2122', 179, 3, '8'),
	(157, '2122', 264, 3, '30'),
	(158, '2122', 263, 3, '9'),
	(160, '2122', 77, 108, '7'),
	(161, '2122', 268, 3, '26'),
	(162, '2122', 261, 3, '14'),
	(163, '2122', 252, 3, '21'),
	(164, '2122', 197, 3, '11'),
	(165, '2122', 262, 3, '16'),
	(166, '2122', 18, 1, '3'),
	(167, '2122', 119, 1, '20'),
	(168, '2122', 290, 11, '18'),
	(169, '2122', 291, 11, '20'),
	(170, '2122', 292, 11, '22'),
	(171, '2122', 293, 109, '1'),
	(172, '2122', 294, 109, '31'),
	(173, '2122', 295, 109, '23'),
	(174, '2122', 296, 109, '3'),
	(175, '2122', 297, 109, '6'),
	(176, '2122', 298, 109, '15'),
	(177, '2122', 299, 109, '16'),
	(178, '2122', 300, 109, '18'),
	(179, '2122', 301, 109, '22'),
	(180, '2122', 302, 109, '5'),
	(181, '2122', 303, 109, '8'),
	(182, '2122', 304, 109, '9'),
	(183, '2122', 305, 109, '10'),
	(184, '2122', 306, 105, '18'),
	(185, '2122', 280, 105, '1'),
	(186, '2122', 116, 105, '6'),
	(187, '2122', 105, 105, '8'),
	(188, '2122', 31, 105, '14'),
	(189, '2122', 10, 105, '77'),
	(191, '2122', 160, 105, '9'),
	(192, '2122', 307, 109, '20'),
	(193, '2122', 308, 109, '55'),
	(194, '2122', 309, 109, '11'),
	(195, '2122', 310, 109, '17'),
	(196, '2122', 311, 109, '77'),
	(197, '2122', 312, 109, '88'),
	(198, '2122', 313, 105, '5'),
	(199, '2122', 320, 105, '10'),
	(200, '2122', 319, 105, '22'),
	(201, '2122', 318, 105, '20'),
	(202, '2122', 316, 105, '16'),
	(203, '2122', 317, 105, '7'),
	(204, '2122', 315, 105, '3'),
	(205, '2122', 314, 105, '4'),
	(206, '2122', 321, 105, '12'),
	(207, '2122', 322, 105, '13'),
	(208, '2122', 323, 105, '21'),
	(209, '2122', 324, 105, '15'),
	(210, '2122', 209, 105, '19'),
	(211, '2122', 325, 105, '28'),
	(212, '2122', 326, 1, '24'),
	(213, '2122', 327, 1, '31'),
	(214, '2122', 328, 1, '32'),
	(215, '2122', 329, 1, '39'),
	(216, '2122', 330, 1, '34'),
	(217, '2122', 331, 2, '4'),
	(218, '2122', 332, 2, '8'),
	(219, '2122', 333, 2, '12'),
	(220, '2122', 334, 2, '15'),
	(221, '2122', 335, 2, '16'),
	(222, '2122', 336, 2, '18'),
	(223, '2122', 337, 2, '20'),
	(224, '2122', 193, 2, '22'),
	(225, '2122', 339, 2, '24'),
	(226, '2122', 340, 2, '27'),
	(227, '2122', 341, 2, '28'),
	(228, '2122', 342, 2, '32'),
	(229, '2122', 343, 4, '2'),
	(230, '2122', 344, 4, '7'),
	(231, '2122', 345, 4, '8'),
	(232, '2122', 346, 4, '12'),
	(233, '2122', 347, 4, '15'),
	(234, '2122', 348, 4, '16'),
	(235, '2122', 349, 4, '17'),
	(236, '2122', 350, 4, '18'),
	(237, '2122', 351, 4, '19'),
	(238, '2122', 352, 4, '20'),
	(239, '2122', 353, 4, '21'),
	(240, '2122', 354, 4, '22'),
	(241, '2122', 355, 4, '23'),
	(242, '2122', 356, 4, '24'),
	(243, '2122', 357, 5, '1'),
	(244, '2122', 358, 5, '4'),
	(245, '2122', 99, 5, '5'),
	(246, '2122', 359, 5, '6'),
	(247, '2122', 360, 5, '8'),
	(248, '2122', 361, 5, '9'),
	(249, '2122', 362, 5, '10'),
	(250, '2122', 363, 5, '11'),
	(251, '2122', 364, 5, '12'),
	(252, '2122', 365, 5, '14'),
	(253, '2122', 366, 5, '15'),
	(254, '2122', 367, 5, '17'),
	(255, '2122', 368, 5, '18'),
	(256, '2122', 369, 5, '19'),
	(257, '2122', 370, 5, '22'),
	(258, '2122', 371, 5, '23'),
	(259, '2122', 372, 5, '25'),
	(260, '2122', 373, 5, '27'),
	(261, '2122', 374, 5, '30'),
	(262, '2122', 375, 5, '33'),
	(263, '2122', 376, 6, '1'),
	(264, '2122', 377, 6, '2'),
	(265, '2122', 378, 6, '4'),
	(266, '2122', 235, 6, '6'),
	(267, '2122', 379, 6, '9'),
	(268, '2122', 380, 6, '13'),
	(269, '2122', 381, 6, '7'),
	(270, '2122', 382, 6, '8'),
	(271, '2122', 383, 6, '12'),
	(272, '2122', 384, 6, '16'),
	(273, '2122', 385, 6, '18'),
	(274, '2122', 386, 6, '20'),
	(275, '2122', 387, 6, '21'),
	(276, '2122', 388, 6, '23'),
	(277, '2122', 389, 6, '24'),
	(278, '2122', 390, 6, '28'),
	(279, '2122', 391, 6, '30'),
	(280, '2122', 392, 6, '77'),
	(281, '2122', 393, 6, '31'),
	(282, '2122', 394, 6, '33'),
	(283, '2122', 123, 9, '11'),
	(284, '2122', 174, 8, '1'),
	(285, '2122', 184, 9, '12'),
	(286, '2223', 118, 1, '1');
/*!40000 ALTER TABLE `squads` ENABLE KEYS */;

-- Volcando estructura para tabla futfem.squads_temp
CREATE TABLE IF NOT EXISTS `squads_temp` (
  `id` int(11) NOT NULL AUTO_INCREMENT,
  `season` varchar(4) NOT NULL DEFAULT '',
  `id_player` bigint(20) NOT NULL DEFAULT 0,
  `id_team` int(9) NOT NULL,
  `dorsal` varchar(3) DEFAULT NULL,
  KEY `id` (`id`) USING BTREE
) ENGINE=InnoDB AUTO_INCREMENT=306 DEFAULT CHARSET=latin1 ROW_FORMAT=DYNAMIC;

-- Volcando datos para la tabla futfem.squads_temp: ~277 rows (aproximadamente)
/*!40000 ALTER TABLE `squads_temp` DISABLE KEYS */;
INSERT INTO `squads_temp` (`id`, `season`, `id_player`, `id_team`, `dorsal`) VALUES
	(5, '2122', 1, 1, '21'),
	(6, '2122', 2, 1, '22'),
	(7, '2122', 3, 1, '14'),
	(8, '2122', 5, 7, '20'),
	(9, '2122', 6, 1, '11'),
	(10, '2122', 7, 1, '12'),
	(11, '2122', 8, 1, '23'),
	(13, '2122', 25, 1, '4'),
	(14, '2122', 30, 1, '2'),
	(15, '2122', 24, 9, '6'),
	(16, '2122', 122, 9, '4'),
	(17, '2122', 20, 9, '1'),
	(18, '2122', 12, 3, '17'),
	(1, '2021', 1, 1, '21'),
	(2, '2021', 2, 1, '22'),
	(19, '2021', 3, 1, '14'),
	(20, '2021', 29, 1, '10'),
	(21, '2122', 29, 8, '14'),
	(22, '2122', 13, 7, '23'),
	(23, '2122', 14, 7, '14'),
	(24, '2122', 103, 1, '10'),
	(25, '2122', 79, 1, '16'),
	(26, '2122', 126, 1, '9'),
	(27, '2122', 164, 2, '1'),
	(28, '2122', 118, 1, '1'),
	(29, '2122', 183, 2, '2'),
	(30, '2122', 151, 2, '5'),
	(31, '2122', 233, 2, '7'),
	(32, '2122', 226, 2, '17'),
	(33, '2122', 129, 2, '10'),
	(34, '2021', 154, 14, '14'),
	(35, '2122', 154, 2, '14'),
	(36, '2122', 130, 2, '11'),
	(37, '2122', 255, 2, '6'),
	(38, '2122', 155, 2, '21'),
	(39, '2122', 120, 2, '9'),
	(40, '2122', 253, 2, '3'),
	(41, '2122', 17, 4, '4'),
	(42, '2122', 83, 4, '1'),
	(43, '2122', 67, 4, '13'),
	(44, '2122', 64, 1, '17'),
	(45, '2122', 73, 1, '15'),
	(46, '2122', 70, 1, '19'),
	(48, '2122', 9, 9, '17'),
	(49, '2122', 111, 9, '3'),
	(50, '2122', 214, 9, '13'),
	(51, '2122', 101, 9, '14'),
	(52, '2122', 93, 9, '20'),
	(53, '2122', 121, 9, '7'),
	(54, '2122', 215, 9, '28'),
	(55, '2122', 124, 9, '21'),
	(56, '2122', 102, 1, '7'),
	(57, '2122', 115, 1, '18'),
	(58, '2122', 110, 6, '17'),
	(59, '2122', 109, 6, '5'),
	(60, '2122', 152, 6, '19'),
	(61, '2122', 96, 6, '11'),
	(62, '2122', 88, 6, '22'),
	(63, '2122', 106, 6, '14'),
	(64, '2122', 180, 6, '10'),
	(65, '2122', 231, 7, '1'),
	(66, '2122', 27, 7, '16'),
	(67, '2122', 63, 7, '18'),
	(68, '2122', 167, 7, '8'),
	(69, '2122', 188, 7, '10'),
	(70, '2122', 71, 19, '10'),
	(71, '2122', 170, 19, '13'),
	(72, '2122', 136, 19, '11'),
	(73, '2122', 19, 16, '16'),
	(74, '2122', 117, 16, '9'),
	(75, '2122', 112, 16, '8'),
	(76, '2122', 171, 16, '15'),
	(77, '2122', 168, 1, '6'),
	(78, '2122', 125, 1, '5'),
	(79, '2122', 100, 16, '12'),
	(80, '2122', 85, 8, '8'),
	(81, '2122', 201, 8, '13'),
	(82, '2122', 173, 8, '9'),
	(83, '2122', 11, 8, '11'),
	(84, '2122', 86, 8, '23'),
	(85, '2122', 236, 8, '21'),
	(86, '2122', 92, 8, '7'),
	(87, '2122', 78, 5, '80'),
	(88, '2122', 97, 5, '16'),
	(89, '2122', 153, 5, '7'),
	(90, '2122', 26, 5, '3'),
	(91, '2122', 195, 4, '3'),
	(92, '2122', 216, 4, '5'),
	(93, '2122', 133, 4, '11'),
	(94, '2122', 145, 4, '6'),
	(95, '2122', 62, 4, '10'),
	(96, '2122', 131, 4, '14'),
	(98, '2122', 198, 4, '9'),
	(99, '2122', 237, 18, '22'),
	(100, '2122', 107, 105, '11'),
	(101, '2122', 61, 105, '23'),
	(102, '2122', 258, 15, '1'),
	(103, '2122', 257, 15, '13'),
	(104, '2122', 256, 15, '2'),
	(105, '2122', 246, 18, '17'),
	(106, '2122', 219, 18, '13'),
	(107, '2122', 242, 18, '11'),
	(108, '2122', 240, 18, '1'),
	(109, '2122', 238, 18, '20'),
	(110, '2122', 239, 18, '25'),
	(111, '2122', 241, 18, '14'),
	(112, '2122', 244, 18, '3'),
	(113, '2122', 243, 18, '4'),
	(114, '2122', 245, 18, '5'),
	(115, '2122', 114, 1, '8'),
	(116, '2122', 128, 1, '13'),
	(117, '2122', 16, 3, '15'),
	(118, '2122', 161, 3, '5'),
	(119, '2122', 76, 3, '20'),
	(120, '2122', 74, 3, '18'),
	(121, '2122', 251, 3, '10'),
	(122, '2122', 210, 3, '13'),
	(123, '2122', 250, 3, '6'),
	(124, '2122', 166, 3, '3'),
	(125, '2122', 148, 3, '24'),
	(126, '2122', 165, 3, '19'),
	(127, '2122', 172, 106, '87'),
	(128, '2122', 127, 106, '5'),
	(129, '2122', 194, 107, '17'),
	(130, '2122', 270, 11, '1'),
	(131, '2122', 271, 11, '23'),
	(132, '2122', 272, 11, '2'),
	(133, '2122', 273, 11, '3'),
	(134, '2122', 274, 11, '5'),
	(135, '2122', 275, 11, '6'),
	(136, '2122', 276, 11, '15'),
	(137, '2122', 277, 11, '33'),
	(138, '2122', 278, 11, '4'),
	(139, '2122', 279, 11, '8'),
	(140, '2122', 281, 11, '10'),
	(141, '2122', 282, 11, '16'),
	(142, '2122', 283, 11, '19'),
	(143, '2122', 284, 11, '21'),
	(144, '2122', 285, 11, '31'),
	(145, '2122', 286, 11, '9'),
	(146, '2122', 287, 11, '11'),
	(147, '2122', 288, 11, '12'),
	(148, '2122', 176, 11, '7'),
	(149, '2122', 289, 11, '17'),
	(150, '2122', 139, 3, '1'),
	(151, '2122', 269, 3, '34'),
	(153, '2122', 267, 3, '33'),
	(154, '2122', 266, 3, '7'),
	(155, '2122', 265, 3, '12'),
	(156, '2122', 179, 3, '8'),
	(157, '2122', 264, 3, '30'),
	(158, '2122', 263, 3, '9'),
	(160, '2122', 77, 108, '7'),
	(161, '2122', 268, 3, '26'),
	(162, '2122', 261, 3, '14'),
	(163, '2122', 252, 3, '21'),
	(164, '2122', 197, 3, '11'),
	(165, '2122', 262, 3, '16'),
	(166, '2122', 18, 1, '3'),
	(167, '2122', 119, 1, '20'),
	(168, '2122', 290, 11, '18'),
	(169, '2122', 291, 11, '20'),
	(170, '2122', 292, 11, '22'),
	(171, '2122', 293, 109, '1'),
	(172, '2122', 294, 109, '31'),
	(173, '2122', 295, 109, '23'),
	(174, '2122', 296, 109, '3'),
	(175, '2122', 297, 109, '6'),
	(176, '2122', 298, 109, '15'),
	(177, '2122', 299, 109, '16'),
	(178, '2122', 300, 109, '18'),
	(179, '2122', 301, 109, '22'),
	(180, '2122', 302, 109, '5'),
	(181, '2122', 303, 109, '8'),
	(182, '2122', 304, 109, '9'),
	(183, '2122', 305, 109, '10'),
	(184, '2122', 306, 105, '18'),
	(185, '2122', 280, 105, '1'),
	(186, '2122', 116, 105, '6'),
	(187, '2122', 105, 105, '8'),
	(188, '2122', 31, 105, '14'),
	(189, '2122', 10, 105, '77'),
	(191, '2122', 160, 105, '9'),
	(192, '2122', 307, 109, '20'),
	(193, '2122', 308, 109, '55'),
	(194, '2122', 309, 109, '11'),
	(195, '2122', 310, 109, '17'),
	(196, '2122', 311, 109, '77'),
	(197, '2122', 312, 109, '88'),
	(198, '2122', 313, 105, '5'),
	(199, '2122', 320, 105, '10'),
	(200, '2122', 319, 105, '22'),
	(201, '2122', 318, 105, '20'),
	(202, '2122', 316, 105, '16'),
	(203, '2122', 317, 105, '7'),
	(204, '2122', 315, 105, '3'),
	(205, '2122', 314, 105, '4'),
	(206, '2122', 321, 105, '12'),
	(207, '2122', 322, 105, '13'),
	(208, '2122', 323, 105, '21'),
	(209, '2122', 324, 105, '15'),
	(210, '2122', 209, 105, '19'),
	(211, '2122', 325, 105, '28'),
	(212, '2122', 326, 1, '24'),
	(213, '2122', 327, 1, '31'),
	(214, '2122', 328, 1, '32'),
	(215, '2122', 329, 1, '39'),
	(216, '2122', 330, 1, '34'),
	(217, '2122', 331, 2, '4'),
	(218, '2122', 332, 2, '8'),
	(219, '2122', 333, 2, '12'),
	(220, '2122', 334, 2, '15'),
	(221, '2122', 335, 2, '16'),
	(222, '2122', 336, 2, '18'),
	(223, '2122', 337, 2, '20'),
	(224, '2122', 338, 2, '22'),
	(225, '2122', 339, 2, '24'),
	(226, '2122', 340, 2, '27'),
	(227, '2122', 341, 2, '28'),
	(228, '2122', 342, 2, '32'),
	(229, '2122', 343, 4, '2'),
	(230, '2122', 344, 4, '7'),
	(231, '2122', 345, 4, '8'),
	(232, '2122', 346, 4, '12'),
	(233, '2122', 347, 4, '15'),
	(234, '2122', 348, 4, '16'),
	(235, '2122', 349, 4, '17'),
	(236, '2122', 350, 4, '18'),
	(237, '2122', 351, 4, '19'),
	(238, '2122', 352, 4, '20'),
	(239, '2122', 353, 4, '21'),
	(240, '2122', 354, 4, '22'),
	(241, '2122', 355, 4, '23'),
	(242, '2122', 356, 4, '24'),
	(243, '2122', 357, 5, '1'),
	(244, '2122', 358, 5, '4'),
	(245, '2122', 99, 5, '5'),
	(246, '2122', 359, 5, '6'),
	(247, '2122', 360, 5, '8'),
	(248, '2122', 361, 5, '9'),
	(249, '2122', 362, 5, '10'),
	(250, '2122', 363, 5, '11'),
	(251, '2122', 364, 5, '12'),
	(252, '2122', 365, 5, '14'),
	(253, '2122', 366, 5, '15'),
	(254, '2122', 367, 5, '17'),
	(255, '2122', 368, 5, '18'),
	(256, '2122', 369, 5, '19'),
	(257, '2122', 370, 5, '22'),
	(258, '2122', 371, 5, '23'),
	(259, '2122', 372, 5, '25'),
	(260, '2122', 373, 5, '27'),
	(261, '2122', 374, 5, '30'),
	(262, '2122', 375, 5, '33'),
	(263, '2122', 376, 6, '1'),
	(264, '2122', 377, 6, '2'),
	(265, '2122', 378, 6, '4'),
	(266, '2122', 235, 6, '6'),
	(267, '2122', 379, 6, '9'),
	(268, '2122', 380, 6, '13'),
	(269, '2122', 381, 6, '7'),
	(270, '2122', 382, 6, '8'),
	(271, '2122', 383, 6, '12'),
	(272, '2122', 384, 6, '16'),
	(273, '2122', 385, 6, '18'),
	(274, '2122', 386, 6, '20'),
	(275, '2122', 387, 6, '21'),
	(276, '2122', 388, 6, '23'),
	(277, '2122', 389, 6, '24'),
	(278, '2122', 390, 6, '28'),
	(279, '2122', 391, 6, '30'),
	(280, '2122', 392, 6, '77'),
	(281, '2122', 393, 6, '31'),
	(282, '2122', 394, 6, '33'),
	(283, '2122', 123, 9, '11'),
	(284, '2122', 174, 8, '1'),
	(285, '2122', 184, 9, '12'),
	(286, '2223', 118, 1, '1'),
	(287, '2223', 3, 1, '14'),
	(288, '2223', 6, 1, '11'),
	(289, '2223', 30, 1, '2'),
	(290, '2223', 25, 1, '4'),
	(291, '2223', 79, 1, '16'),
	(292, '2223', 102, 1, '10'),
	(293, '2223', 148, 1, '21'),
	(294, '2223', 164, 2, '1'),
	(301, '2223', 7, 1, '12'),
	(302, '2223', 263, 3, '9'),
	(303, '2223', 115, 1, '7'),
	(304, '2223', 395, 1, '18'),
	(305, '2223', 8, 1, '23');
/*!40000 ALTER TABLE `squads_temp` ENABLE KEYS */;

-- Volcando estructura para tabla futfem.teams
CREATE TABLE IF NOT EXISTS `teams` (
  `id` int(9) unsigned NOT NULL AUTO_INCREMENT,
  `name` varchar(50) NOT NULL DEFAULT '',
  `country` varchar(5) NOT NULL DEFAULT '',
  `established` date DEFAULT NULL,
  `nickname` varchar(50) DEFAULT NULL,
  `urlpic` varchar(50) DEFAULT NULL,
  `urlshirt` varchar(50) DEFAULT NULL,
  KEY `Índice 1` (`id`)
) ENGINE=InnoDB AUTO_INCREMENT=111 DEFAULT CHARSET=latin1;

-- Volcando datos para la tabla futfem.teams: ~23 rows (aproximadamente)
/*!40000 ALTER TABLE `teams` DISABLE KEYS */;
INSERT INTO `teams` (`id`, `name`, `country`, `established`, `nickname`, `urlpic`, `urlshirt`) VALUES
	(1, 'FUTBOL CLUB BARCELONA', 'ES', '1988-01-02', 'BARÇA', 'fcbarcelona', 'fcbarcelona'),
	(2, 'REAL MADRID C.F.', 'ES', '2019-01-02', 'REAL MADRID', 'realmadrid', 'realmadrid'),
	(3, 'MANCHESTER CITY FOOTBALL CLUB', 'GB', '1988-11-02', 'MANCHESTER CITY', 'manchestercity', 'manchestercity'),
	(4, 'CLUB ATLÉTICO DE MADRID', 'ES', '2001-01-02', 'ATLÉTICO DE MADRID', 'atleticomadrid', 'atleticomadrid'),
	(5, 'BAYERN MUNCHEN FC', 'DE', '1970-01-02', 'BAYERN MUNICH', 'bayernmunchen', 'bayernmunchen'),
	(6, 'VEREIN FÜR LEIBESÜBUNGEN WOLFSBURG', 'DE', '2003-01-02', 'WOLFSBURG', 'wolfsburg', 'wolfsburg'),
	(7, 'CHELSEA FOOTBALL CLUB', 'GB', '1992-01-02', 'CHELSEA', 'chelsea', 'chelsea'),
	(8, 'PARIS SAINT-GERMAIN FOOTBALL CLUB FÉMININES', 'FR', '1971-01-02', 'PSG', 'psg', 'psg'),
	(9, 'OLYMPIQUE LYONNAIS', 'FR', '1970-01-02', 'OL', 'ol', 'ol'),
	(10, 'LEVANTE UNIÓN DEPORTIVA', 'ES', '1998-01-01', 'LEVANTE', 'levante', 'levante'),
	(11, 'ASTON VILLA WOMEN FOOTBALL CLUB', 'GB', '1973-01-01', 'ASTON VILLA', 'astonvilla', 'astonvilla'),
	(12, 'WEST HAM UNITED FOOTBALL CLUB', 'GB', '1991-01-01', 'WEST HAM', NULL, NULL),
	(13, 'REAL CLUB DEPORTIVO ESPANYOL', 'ES', '1970-01-01', 'ESPAÑOL', NULL, NULL),
	(14, 'REAL SOCIEDAD DE FÚTBOL', 'ES', '2004-01-01', 'REAL SOCIEDAD', NULL, NULL),
	(15, 'VALENCIA CLUB DE FÚTBOL', 'ES', '2009-01-01', 'VALENCIA', NULL, NULL),
	(16, 'OL REIGN FC', 'US', '2012-11-21', 'OL REIGN', 'olreign', 'olreign'),
	(17, 'HOUSTON DASH', 'US', '2013-12-11', 'HOUSTON DASH', 'houstondash', 'houstondash'),
	(18, 'UNIÓN DEPORTIVA GRANADILLA TENERIFE', 'ES', '2013-01-01', 'GRANADILLA', 'granadilla', 'granadilla'),
	(19, 'ORLANDO PRIDE', 'US', '2015-10-20', 'ORLANDO PRIDE', 'orlandopride', 'orlandopride'),
	(104, 'AFC AJAX AMSTERDAM VROUWEN', 'NL', '2012-01-01', 'AJAX', 'ajax', 'ajax'),
	(105, 'ARSENAL WOMEN FOOTBALL CLUB', '', '1987-01-01', 'ARSENAL', 'arsenal', 'arsenal'),
	(106, 'ASSOCIAZIONE CALCIO MILAN', 'IT', '2018-01-01', 'A.C. MILAN', 'acmilan', 'acmilan'),
	(107, 'JUVENTUS FOOTBALL CLUB', 'IT', '2017-07-01', 'JUVENTUS WOMEN', 'juventus', 'juventus'),
	(108, 'BOLL KLUBBEN HÄCKEN', 'SE', '1940-08-02', 'BK HÄCKEN', 'hacken', 'hacken'),
	(109, 'WFC ZHYTLOBUD-1 KHARKIV', 'UA', '2006-01-01', 'KHARKIV', 'zhytlobud', 'zhytlobud');
/*!40000 ALTER TABLE `teams` ENABLE KEYS */;

-- Volcando estructura para tabla futfem.teams_temp
CREATE TABLE IF NOT EXISTS `teams_temp` (
  `id` int(9) unsigned NOT NULL AUTO_INCREMENT,
  `name` varchar(50) NOT NULL DEFAULT '',
  `country` varchar(5) NOT NULL DEFAULT '',
  `established` date DEFAULT NULL,
  `nickname` varchar(50) DEFAULT NULL,
  `urlpic` varchar(50) DEFAULT NULL,
  `urlshirt` varchar(50) DEFAULT NULL,
  KEY `Índice 1` (`id`) USING BTREE
) ENGINE=InnoDB AUTO_INCREMENT=118 DEFAULT CHARSET=latin1 ROW_FORMAT=DYNAMIC;

-- Volcando datos para la tabla futfem.teams_temp: ~25 rows (aproximadamente)
/*!40000 ALTER TABLE `teams_temp` DISABLE KEYS */;
INSERT INTO `teams_temp` (`id`, `name`, `country`, `established`, `nickname`, `urlpic`, `urlshirt`) VALUES
	(1, 'FUTBOL CLUB BARCELONA', 'ES', '1988-01-02', 'BARÇA', 'fcbarcelona', 'fcbarcelona'),
	(2, 'REAL MADRID C.F.', 'ES', '2019-01-02', 'REAL MADRID', 'realmadrid', 'realmadrid'),
	(3, 'MANCHESTER CITY FOOTBALL CLUB', 'GB', '1988-11-02', 'MANCHESTER CITY', 'manchestercity', 'manchestercity'),
	(4, 'CLUB ATLÉTICO DE MADRID', 'ES', '2001-01-02', 'ATLÉTICO DE MADRID', 'atleticomadrid', 'atleticomadrid'),
	(5, 'BAYERN MUNCHEN FC', 'DE', '1970-01-02', 'BAYERN MUNICH', 'bayernmunchen', 'bayernmunchen'),
	(6, 'VEREIN FÜR LEIBESÜBUNGEN WOLFSBURG', 'DE', '2003-01-02', 'WOLFSBURG', 'wolfsburg', 'wolfsburg'),
	(7, 'CHELSEA FOOTBALL CLUB', 'GB', '1992-01-02', 'CHELSEA', 'chelsea', 'chelsea'),
	(8, 'PARIS SAINT-GERMAIN FOOTBALL CLUB FÉMININES', 'FR', '1971-01-02', 'PSG', 'psg', 'psg'),
	(9, 'OLYMPIQUE LYONNAIS', 'FR', '1970-01-02', 'OL', 'ol', 'ol'),
	(10, 'LEVANTE UNIÓN DEPORTIVA', 'ES', '1998-01-01', 'LEVANTE', 'levante', 'levante'),
	(11, 'ASTON VILLA WOMEN FOOTBALL CLUB', 'GB', '1973-01-01', 'ASTON VILLA', 'astonvilla', 'astonvilla'),
	(12, 'WEST HAM UNITED FOOTBALL CLUB', 'GB', '1991-01-01', 'WEST HAM', 'westham', 'westham'),
	(13, 'REAL CLUB DEPORTIVO ESPANYOL', 'ES', '1970-01-01', 'ESPAÑOL', NULL, NULL),
	(14, 'REAL SOCIEDAD DE FÚTBOL', 'ES', '2004-01-01', 'REAL SOCIEDAD', NULL, NULL),
	(15, 'VALENCIA CLUB DE FÚTBOL', 'ES', '2009-01-01', 'VALENCIA', NULL, NULL),
	(16, 'OL REIGN FC', 'US', '2012-11-21', 'OL REIGN', 'olreign', 'olreign'),
	(17, 'HOUSTON DASH', 'US', '2013-12-11', 'HOUSTON DASH', 'houstondash', 'houstondash'),
	(18, 'UNIÓN DEPORTIVA GRANADILLA TENERIFE', 'ES', '2013-01-01', 'GRANADILLA', 'granadilla', 'granadilla'),
	(19, 'ORLANDO PRIDE', 'US', '2015-10-20', 'ORLANDO PRIDE', 'orlandopride', 'orlandopride'),
	(104, 'AFC AJAX AMSTERDAM VROUWEN', 'NL', '2012-01-01', 'AJAX', 'ajax', 'ajax'),
	(105, 'ARSENAL WOMEN FOOTBALL CLUB', '', '1987-01-01', 'ARSENAL', 'arsenal', 'arsenal'),
	(106, 'ASSOCIAZIONE CALCIO MILAN', 'IT', '2018-01-01', 'A.C. MILAN', 'acmilan', 'acmilan'),
	(107, 'JUVENTUS FOOTBALL CLUB', 'IT', '2017-07-01', 'JUVENTUS WOMEN', 'juventus', 'juventus'),
	(108, 'BOLL KLUBBEN HÄCKEN', 'SE', '1940-08-02', 'BK HÄCKEN', 'hacken', 'hacken'),
	(109, 'WFC ZHYTLOBUD-1 KHARKIV', 'UA', '2006-01-01', 'KHARKIV', 'zhytlobud', 'zhytlobud');
/*!40000 ALTER TABLE `teams_temp` ENABLE KEYS */;

/*!40101 SET SQL_MODE=IFNULL(@OLD_SQL_MODE, '') */;
/*!40014 SET FOREIGN_KEY_CHECKS=IFNULL(@OLD_FOREIGN_KEY_CHECKS, 1) */;
/*!40101 SET CHARACTER_SET_CLIENT=@OLD_CHARACTER_SET_CLIENT */;
/*!40111 SET SQL_NOTES=IFNULL(@OLD_SQL_NOTES, 1) */;
